============================================================
  URIT-50 Integratsiya - AzizMedLine LIMS
============================================================
URIT-50 ma'lumot kutilyapti...
Skaner orqali barcode o'qib, bemor ma'lumotlari avtomatik olinadi
Natijalar blankaga avtomatik yoziladi

Skaner tayyor. Barcode skanerlang...
OK: Skaner thread ishga tushdi


============================================================
📡 Yangi tahlilni yuborish uchun URIT'da RS232 tugmasini bosing...
📷 Yoki avval barcode skanerlang (kod_yollanma yoki natija_kodi)
============================================================
⚠️ COM port (COM4) ochib bo'lmadi: could not open port 'COM4': PermissionError(13, 'Отказано в доступе.', None, 5)
   Tekshiring:
   1. URIT-50 qurilmasi ulanganmi?
   2. COM4 port mavjudmi? (Device Manager)
   3. Port boshqa dastur tomonidan ishlatilmoqdami?
   4. Port nomi to'g'rimi? (Hozirgi: COM4)

⚠️ COM port ochilmadi yoki ma'lumot kelmadi. 5 soniyadan keyin qayta uriniladi...

============================================================
📡 Yangi tahlilni yuborish uchun URIT'da RS232 tugmasini bosing...
📷 Yoki avval barcode skanerlang (kod_yollanma yoki natija_kodi)
============================================================
⚠️ COM port (COM4) ochib bo'lmadi: could not open port 'COM4': PermissionError(13, 'Отказано в доступе.', None, 5)
   Tekshiring:
   1. URIT-50 qurilmasi ulanganmi?
   2. COM4 port mavjudmi? (Device Manager)
   3. Port boshqa dastur tomonidan ishlatilmoqdami?
   4. Port nomi to'g'rimi? (Hozirgi: COM4)

⚠️ COM port ochilmadi yoki ma'lumot kelmadi. 5 soniyadan keyin qayta uriniladi...

============================================================
📡 Yangi tahlilni yuborish uchun URIT'da RS232 tugmasini bosing...
📷 Yoki avval barcode skanerlang (kod_yollanma yoki natija_kodi)
============================================================
⚠️ COM port (COM4) ochib bo'lmadi: could not open port 'COM4': PermissionError(13, 'Отказано в доступе.', None, 5)
   Tekshiring:
   1. URIT-50 qurilmasi ulanganmi?
   2. COM4 port mavjudmi? (Device Manager)
   3. Port boshqa dastur tomonidan ishlatilmoqdami?
   4. Port nomi to'g'rimi? (Hozirgi: COM4)

⚠️ COM port ochilmadi yoki ma'lumot kelmadi. 5 soniyadan keyin qayta uriniladi...

============================================================
📡 Yangi tahlilni yuborish uchun URIT'da RS232 tugmasini bosing...
📷 Yoki avval barcode skanerlang (kod_yollanma yoki natija_kodi)
============================================================
⚠️ COM port (COM4) ochib bo'lmadi: could not open port 'COM4': PermissionError(13, 'Отказано в доступе.', None, 5)
   Tekshiring:
   1. URIT-50 qurilmasi ulanganmi?
   2. COM4 port mavjudmi? (Device Manager)
   3. Port boshqa dastur tomonidan ishlatilmoqdami?
   4. Port nomi to'g'rimi? (Hozirgi: COM4)

⚠️ COM port ochilmadi yoki ma'lumot kelmadi. 5 soniyadan keyin qayta uriniladi...

============================================================
📡 Yangi tahlilni yuborish uchun URIT'da RS232 tugmasini bosing...
📷 Yoki avval barcode skanerlang (kod_yollanma yoki natija_kodi)
============================================================
⚠️ COM port (COM4) ochib bo'lmadi: could not open port 'COM4': PermissionError(13, 'Отказано в доступе.', None, 5)
   Tekshiring:
   1. URIT-50 qurilmasi ulanganmi?
   2. COM4 port mavjudmi? (Device Manager)
   3. Port boshqa dastur tomonidan ishlatilmoqdami?
   4. Port nomi to'g'rimi? (Hozirgi: COM4)

⚠️ COM port ochilmadi yoki ma'lumot kelmadi. 5 soniyadan keyin qayta uriniladi...

============================================================
📡 Yangi tahlilni yuborish uchun URIT'da RS232 tugmasini bosing...
📷 Yoki avval barcode skanerlang (kod_yollanma yoki natija_kodi)
============================================================
⚠️ COM port (COM4) ochib bo'lmadi: could not open port 'COM4': PermissionError(13, 'Отказано в доступе.', None, 5)
   Tekshiring:
   1. URIT-50 qurilmasi ulanganmi?
   2. COM4 port mavjudmi? (Device Manager)
   3. Port boshqa dastur tomonidan ishlatilmoqdami?
   4. Port nomi to'g'rimi? (Hozirgi: COM4)

⚠️ COM port ochilmadi yoki ma'lumot kelmadi. 5 soniyadan keyin qayta uriniladi...

============================================================
📡 Yangi tahlilni yuborish uchun URIT'da RS232 tugmasini bosing...
📷 Yoki avval barcode skanerlang (kod_yollanma yoki natija_kodi)
============================================================
⚠️ COM port (COM4) ochib bo'lmadi: could not open port 'COM4': PermissionError(13, 'Отказано в доступе.', None, 5)
   Tekshiring:
   1. URIT-50 qurilmasi ulanganmi?
   2. COM4 port mavjudmi? (Device Manager)
   3. Port boshqa dastur tomonidan ishlatilmoqdami?
   4. Port nomi to'g'rimi? (Hozirgi: COM4)

⚠️ COM port ochilmadi yoki ma'lumot kelmadi. 5 soniyadan keyin qayta uriniladi...

============================================================
📡 Yangi tahlilni yuborish uchun URIT'da RS232 tugmasini bosing...
📷 Yoki avval barcode skanerlang (kod_yollanma yoki natija_kodi)
============================================================
⚠️ COM port (COM4) ochib bo'lmadi: could not open port 'COM4': PermissionError(13, 'Отказано в доступе.', None, 5)
   Tekshiring:
   1. URIT-50 qurilmasi ulanganmi?
   2. COM4 port mavjudmi? (Device Manager)
   3. Port boshqa dastur tomonidan ishlatilmoqdami?
   4. Port nomi to'g'rimi? (Hozirgi: COM4)

⚠️ COM port ochilmadi yoki ma'lumot kelmadi. 5 soniyadan keyin qayta uriniladi...

============================================================
📡 Yangi tahlilni yuborish uchun URIT'da RS232 tugmasini bosing...
📷 Yoki avval barcode skanerlang (kod_yollanma yoki natija_kodi)
============================================================
⚠️ COM port (COM4) ochib bo'lmadi: could not open port 'COM4': PermissionError(13, 'Отказано в доступе.', None, 5)
   Tekshiring:
   1. URIT-50 qurilmasi ulanganmi?
   2. COM4 port mavjudmi? (Device Manager)
   3. Port boshqa dastur tomonidan ishlatilmoqdami?
   4. Port nomi to'g'rimi? (Hozirgi: COM4)

⚠️ COM port ochilmadi yoki ma'lumot kelmadi. 5 soniyadan keyin qayta uriniladi...

============================================================
📡 Yangi tahlilni yuborish uchun URIT'da RS232 tugmasini bosing...
📷 Yoki avval barcode skanerlang (kod_yollanma yoki natija_kodi)
============================================================
⚠️ COM port (COM4) ochib bo'lmadi: could not open port 'COM4': PermissionError(13, 'Отказано в доступе.', None, 5)
   Tekshiring:
   1. URIT-50 qurilmasi ulanganmi?
   2. COM4 port mavjudmi? (Device Manager)
   3. Port boshqa dastur tomonidan ishlatilmoqdami?
   4. Port nomi to'g'rimi? (Hozirgi: COM4)

⚠️ COM port ochilmadi yoki ma'lumot kelmadi. 5 soniyadan keyin qayta uriniladi...

============================================================
📡 Yangi tahlilni yuborish uchun URIT'da RS232 tugmasini bosing...
📷 Yoki avval barcode skanerlang (kod_yollanma yoki natija_kodi)
============================================================
⚠️ COM port (COM4) ochib bo'lmadi: could not open port 'COM4': PermissionError(13, 'Отказано в доступе.', None, 5)
   Tekshiring:
   1. URIT-50 qurilmasi ulanganmi?
   2. COM4 port mavjudmi? (Device Manager)
   3. Port boshqa dastur tomonidan ishlatilmoqdami?
   4. Port nomi to'g'rimi? (Hozirgi: COM4)

⚠️ COM port ochilmadi yoki ma'lumot kelmadi. 5 soniyadan keyin qayta uriniladi...

============================================================
📡 Yangi tahlilni yuborish uchun URIT'da RS232 tugmasini bosing...
📷 Yoki avval barcode skanerlang (kod_yollanma yoki natija_kodi)
============================================================
⚠️ COM port (COM4) ochib bo'lmadi: could not open port 'COM4': PermissionError(13, 'Отказано в доступе.', None, 5)
   Tekshiring:
   1. URIT-50 qurilmasi ulanganmi?
   2. COM4 port mavjudmi? (Device Manager)
   3. Port boshqa dastur tomonidan ishlatilmoqdami?
   4. Port nomi to'g'rimi? (Hozirgi: COM4)

⚠️ COM port ochilmadi yoki ma'lumot kelmadi. 5 soniyadan keyin qayta uriniladi...

============================================================
📡 Yangi tahlilni yuborish uchun URIT'da RS232 tugmasini bosing...
📷 Yoki avval barcode skanerlang (kod_yollanma yoki natija_kodi)
============================================================
⚠️ COM port (COM4) ochib bo'lmadi: could not open port 'COM4': PermissionError(13, 'Отказано в доступе.', None, 5)
   Tekshiring:
   1. URIT-50 qurilmasi ulanganmi?
   2. COM4 port mavjudmi? (Device Manager)
   3. Port boshqa dastur tomonidan ishlatilmoqdami?
   4. Port nomi to'g'rimi? (Hozirgi: COM4)

⚠️ COM port ochilmadi yoki ma'lumot kelmadi. 5 soniyadan keyin qayta uriniladi...

============================================================
📡 Yangi tahlilni yuborish uchun URIT'da RS232 tugmasini bosing...
📷 Yoki avval barcode skanerlang (kod_yollanma yoki natija_kodi)
============================================================
⚠️ COM port (COM4) ochib bo'lmadi: could not open port 'COM4': PermissionError(13, 'Отказано в доступе.', None, 5)
   Tekshiring:
   1. URIT-50 qurilmasi ulanganmi?
   2. COM4 port mavjudmi? (Device Manager)
   3. Port boshqa dastur tomonidan ishlatilmoqdami?
   4. Port nomi to'g'rimi? (Hozirgi: COM4)

⚠️ COM port ochilmadi yoki ma'lumot kelmadi. 5 soniyadan keyin qayta uriniladi...

============================================================
📡 Yangi tahlilni yuborish uchun URIT'da RS232 tugmasini bosing...
📷 Yoki avval barcode skanerlang (kod_yollanma yoki natija_kodi)
============================================================
⚠️ COM port (COM4) ochib bo'lmadi: could not open port 'COM4': PermissionError(13, 'Отказано в доступе.', None, 5)
   Tekshiring:
   1. URIT-50 qurilmasi ulanganmi?
   2. COM4 port mavjudmi? (Device Manager)
   3. Port boshqa dastur tomonidan ishlatilmoqdami?
   4. Port nomi to'g'rimi? (Hozirgi: COM4)

⚠️ COM port ochilmadi yoki ma'lumot kelmadi. 5 soniyadan keyin qayta uriniladi...

============================================================
📡 Yangi tahlilni yuborish uchun URIT'da RS232 tugmasini bosing...
📷 Yoki avval barcode skanerlang (kod_yollanma yoki natija_kodi)
============================================================
⚠️ COM port (COM4) ochib bo'lmadi: could not open port 'COM4': PermissionError(13, 'Отказано в доступе.', None, 5)
   Tekshiring:
   1. URIT-50 qurilmasi ulanganmi?
   2. COM4 port mavjudmi? (Device Manager)
   3. Port boshqa dastur tomonidan ishlatilmoqdami?
   4. Port nomi to'g'rimi? (Hozirgi: COM4)

⚠️ COM port ochilmadi yoki ma'lumot kelmadi. 5 soniyadan keyin qayta uriniladi...

============================================================
📡 Yangi tahlilni yuborish uchun URIT'da RS232 tugmasini bosing...
📷 Yoki avval barcode skanerlang (kod_yollanma yoki natija_kodi)
============================================================
⚠️ COM port (COM4) ochib bo'lmadi: could not open port 'COM4': PermissionError(13, 'Отказано в доступе.', None, 5)
   Tekshiring:
   1. URIT-50 qurilmasi ulanganmi?
   2. COM4 port mavjudmi? (Device Manager)
   3. Port boshqa dastur tomonidan ishlatilmoqdami?
   4. Port nomi to'g'rimi? (Hozirgi: COM4)

⚠️ COM port ochilmadi yoki ma'lumot kelmadi. 5 soniyadan keyin qayta uriniladi...

============================================================
📡 Yangi tahlilni yuborish uchun URIT'da RS232 tugmasini bosing...
📷 Yoki avval barcode skanerlang (kod_yollanma yoki natija_kodi)
============================================================
⚠️ COM port (COM4) ochib bo'lmadi: could not open port 'COM4': PermissionError(13, 'Отказано в доступе.', None, 5)
   Tekshiring:
   1. URIT-50 qurilmasi ulanganmi?
   2. COM4 port mavjudmi? (Device Manager)
   3. Port boshqa dastur tomonidan ishlatilmoqdami?
   4. Port nomi to'g'rimi? (Hozirgi: COM4)

⚠️ COM port ochilmadi yoki ma'lumot kelmadi. 5 soniyadan keyin qayta uriniladi...

============================================================
📡 Yangi tahlilni yuborish uchun URIT'da RS232 tugmasini bosing...
📷 Yoki avval barcode skanerlang (kod_yollanma yoki natija_kodi)
============================================================
⚠️ COM port (COM4) ochib bo'lmadi: could not open port 'COM4': PermissionError(13, 'Отказано в доступе.', None, 5)
   Tekshiring:
   1. URIT-50 qurilmasi ulanganmi?
   2. COM4 port mavjudmi? (Device Manager)
   3. Port boshqa dastur tomonidan ishlatilmoqdami?
   4. Port nomi to'g'rimi? (Hozirgi: COM4)

⚠️ COM port ochilmadi yoki ma'lumot kelmadi. 5 soniyadan keyin qayta uriniladi...

============================================================
📡 Yangi tahlilni yuborish uchun URIT'da RS232 tugmasini bosing...
📷 Yoki avval barcode skanerlang (kod_yollanma yoki natija_kodi)
============================================================
⚠️ COM port (COM4) ochib bo'lmadi: could not open port 'COM4': PermissionError(13, 'Отказано в доступе.', None, 5)
   Tekshiring:
   1. URIT-50 qurilmasi ulanganmi?
   2. COM4 port mavjudmi? (Device Manager)
   3. Port boshqa dastur tomonidan ishlatilmoqdami?
   4. Port nomi to'g'rimi? (Hozirgi: COM4)

⚠️ COM port ochilmadi yoki ma'lumot kelmadi. 5 soniyadan keyin qayta uriniladi...

============================================================
📡 Yangi tahlilni yuborish uchun URIT'da RS232 tugmasini bosing...
📷 Yoki avval barcode skanerlang (kod_yollanma yoki natija_kodi)
============================================================
⚠️ COM port (COM4) ochib bo'lmadi: could not open port 'COM4': PermissionError(13, 'Отказано в доступе.', None, 5)
   Tekshiring:
   1. URIT-50 qurilmasi ulanganmi?
   2. COM4 port mavjudmi? (Device Manager)
   3. Port boshqa dastur tomonidan ishlatilmoqdami?
   4. Port nomi to'g'rimi? (Hozirgi: COM4)

⚠️ COM port ochilmadi yoki ma'lumot kelmadi. 5 soniyadan keyin qayta uriniladi...

============================================================
📡 Yangi tahlilni yuborish uchun URIT'da RS232 tugmasini bosing...
📷 Yoki avval barcode skanerlang (kod_yollanma yoki natija_kodi)
============================================================
⚠️ COM port (COM4) ochib bo'lmadi: could not open port 'COM4': PermissionError(13, 'Отказано в доступе.', None, 5)
   Tekshiring:
   1. URIT-50 qurilmasi ulanganmi?
   2. COM4 port mavjudmi? (Device Manager)
   3. Port boshqa dastur tomonidan ishlatilmoqdami?
   4. Port nomi to'g'rimi? (Hozirgi: COM4)

⚠️ COM port ochilmadi yoki ma'lumot kelmadi. 5 soniyadan keyin qayta uriniladi...

============================================================
📡 Yangi tahlilni yuborish uchun URIT'da RS232 tugmasini bosing...
📷 Yoki avval barcode skanerlang (kod_yollanma yoki natija_kodi)
============================================================
⚠️ COM port (COM4) ochib bo'lmadi: could not open port 'COM4': PermissionError(13, 'Отказано в доступе.', None, 5)
   Tekshiring:
   1. URIT-50 qurilmasi ulanganmi?
   2. COM4 port mavjudmi? (Device Manager)
   3. Port boshqa dastur tomonidan ishlatilmoqdami?
   4. Port nomi to'g'rimi? (Hozirgi: COM4)

⚠️ COM port ochilmadi yoki ma'lumot kelmadi. 5 soniyadan keyin qayta uriniladi...

============================================================
📡 Yangi tahlilni yuborish uchun URIT'da RS232 tugmasini bosing...
📷 Yoki avval barcode skanerlang (kod_yollanma yoki natija_kodi)
============================================================
⚠️ COM port (COM4) ochib bo'lmadi: could not open port 'COM4': PermissionError(13, 'Отказано в доступе.', None, 5)
   Tekshiring:
   1. URIT-50 qurilmasi ulanganmi?
   2. COM4 port mavjudmi? (Device Manager)
   3. Port boshqa dastur tomonidan ishlatilmoqdami?
   4. Port nomi to'g'rimi? (Hozirgi: COM4)

⚠️ COM port ochilmadi yoki ma'lumot kelmadi. 5 soniyadan keyin qayta uriniladi...

============================================================
📡 Yangi tahlilni yuborish uchun URIT'da RS232 tugmasini bosing...
📷 Yoki avval barcode skanerlang (kod_yollanma yoki natija_kodi)
============================================================
⚠️ COM port (COM4) ochib bo'lmadi: could not open port 'COM4': PermissionError(13, 'Отказано в доступе.', None, 5)
   Tekshiring:
   1. URIT-50 qurilmasi ulanganmi?
   2. COM4 port mavjudmi? (Device Manager)
   3. Port boshqa dastur tomonidan ishlatilmoqdami?
   4. Port nomi to'g'rimi? (Hozirgi: COM4)

⚠️ COM port ochilmadi yoki ma'lumot kelmadi. 5 soniyadan keyin qayta uriniladi...

============================================================
📡 Yangi tahlilni yuborish uchun URIT'da RS232 tugmasini bosing...
📷 Yoki avval barcode skanerlang (kod_yollanma yoki natija_kodi)
============================================================
⚠️ COM port (COM4) ochib bo'lmadi: could not open port 'COM4': PermissionError(13, 'Отказано в доступе.', None, 5)
   Tekshiring:
   1. URIT-50 qurilmasi ulanganmi?
   2. COM4 port mavjudmi? (Device Manager)
   3. Port boshqa dastur tomonidan ishlatilmoqdami?
   4. Port nomi to'g'rimi? (Hozirgi: COM4)

⚠️ COM port ochilmadi yoki ma'lumot kelmadi. 5 soniyadan keyin qayta uriniladi...

============================================================
📡 Yangi tahlilni yuborish uchun URIT'da RS232 tugmasini bosing...
📷 Yoki avval barcode skanerlang (kod_yollanma yoki natija_kodi)
============================================================
⚠️ COM port (COM4) ochib bo'lmadi: could not open port 'COM4': PermissionError(13, 'Отказано в доступе.', None, 5)
   Tekshiring:
   1. URIT-50 qurilmasi ulanganmi?
   2. COM4 port mavjudmi? (Device Manager)
   3. Port boshqa dastur tomonidan ishlatilmoqdami?
   4. Port nomi to'g'rimi? (Hozirgi: COM4)

⚠️ COM port ochilmadi yoki ma'lumot kelmadi. 5 soniyadan keyin qayta uriniladi...

============================================================
📡 Yangi tahlilni yuborish uchun URIT'da RS232 tugmasini bosing...
📷 Yoki avval barcode skanerlang (kod_yollanma yoki natija_kodi)
============================================================
⚠️ COM port (COM4) ochib bo'lmadi: could not open port 'COM4': PermissionError(13, 'Отказано в доступе.', None, 5)
   Tekshiring:
   1. URIT-50 qurilmasi ulanganmi?
   2. COM4 port mavjudmi? (Device Manager)
   3. Port boshqa dastur tomonidan ishlatilmoqdami?
   4. Port nomi to'g'rimi? (Hozirgi: COM4)

⚠️ COM port ochilmadi yoki ma'lumot kelmadi. 5 soniyadan keyin qayta uriniladi...

============================================================
📡 Yangi tahlilni yuborish uchun URIT'da RS232 tugmasini bosing...
📷 Yoki avval barcode skanerlang (kod_yollanma yoki natija_kodi)
============================================================
⚠️ COM port (COM4) ochib bo'lmadi: could not open port 'COM4': PermissionError(13, 'Отказано в доступе.', None, 5)
   Tekshiring:
   1. URIT-50 qurilmasi ulanganmi?
   2. COM4 port mavjudmi? (Device Manager)
   3. Port boshqa dastur tomonidan ishlatilmoqdami?
   4. Port nomi to'g'rimi? (Hozirgi: COM4)

⚠️ COM port ochilmadi yoki ma'lumot kelmadi. 5 soniyadan keyin qayta uriniladi...

============================================================
📡 Yangi tahlilni yuborish uchun URIT'da RS232 tugmasini bosing...
📷 Yoki avval barcode skanerlang (kod_yollanma yoki natija_kodi)
============================================================
⚠️ COM port (COM4) ochib bo'lmadi: could not open port 'COM4': PermissionError(13, 'Отказано в доступе.', None, 5)
   Tekshiring:
   1. URIT-50 qurilmasi ulanganmi?
   2. COM4 port mavjudmi? (Device Manager)
   3. Port boshqa dastur tomonidan ishlatilmoqdami?
   4. Port nomi to'g'rimi? (Hozirgi: COM4)

⚠️ COM port ochilmadi yoki ma'lumot kelmadi. 5 soniyadan keyin qayta uriniladi...

============================================================
📡 Yangi tahlilni yuborish uchun URIT'da RS232 tugmasini bosing...
📷 Yoki avval barcode skanerlang (kod_yollanma yoki natija_kodi)
============================================================
⚠️ COM port (COM4) ochib bo'lmadi: could not open port 'COM4': PermissionError(13, 'Отказано в доступе.', None, 5)
   Tekshiring:
   1. URIT-50 qurilmasi ulanganmi?
   2. COM4 port mavjudmi? (Device Manager)
   3. Port boshqa dastur tomonidan ishlatilmoqdami?
   4. Port nomi to'g'rimi? (Hozirgi: COM4)

⚠️ COM port ochilmadi yoki ma'lumot kelmadi. 5 soniyadan keyin qayta uriniladi...

============================================================
📡 Yangi tahlilni yuborish uchun URIT'da RS232 tugmasini bosing...
📷 Yoki avval barcode skanerlang (kod_yollanma yoki natija_kodi)
============================================================
⚠️ COM port (COM4) ochib bo'lmadi: could not open port 'COM4': PermissionError(13, 'Отказано в доступе.', None, 5)
   Tekshiring:
   1. URIT-50 qurilmasi ulanganmi?
   2. COM4 port mavjudmi? (Device Manager)
   3. Port boshqa dastur tomonidan ishlatilmoqdami?
   4. Port nomi to'g'rimi? (Hozirgi: COM4)

⚠️ COM port ochilmadi yoki ma'lumot kelmadi. 5 soniyadan keyin qayta uriniladi...

============================================================
📡 Yangi tahlilni yuborish uchun URIT'da RS232 tugmasini bosing...
📷 Yoki avval barcode skanerlang (kod_yollanma yoki natija_kodi)
============================================================
⚠️ COM port (COM4) ochib bo'lmadi: could not open port 'COM4': PermissionError(13, 'Отказано в доступе.', None, 5)
   Tekshiring:
   1. URIT-50 qurilmasi ulanganmi?
   2. COM4 port mavjudmi? (Device Manager)
   3. Port boshqa dastur tomonidan ishlatilmoqdami?
   4. Port nomi to'g'rimi? (Hozirgi: COM4)

⚠️ COM port ochilmadi yoki ma'lumot kelmadi. 5 soniyadan keyin qayta uriniladi...

============================================================
📡 Yangi tahlilni yuborish uchun URIT'da RS232 tugmasini bosing...
📷 Yoki avval barcode skanerlang (kod_yollanma yoki natija_kodi)
============================================================
⚠️ COM port (COM4) ochib bo'lmadi: could not open port 'COM4': PermissionError(13, 'Отказано в доступе.', None, 5)
   Tekshiring:
   1. URIT-50 qurilmasi ulanganmi?
   2. COM4 port mavjudmi? (Device Manager)
   3. Port boshqa dastur tomonidan ishlatilmoqdami?
   4. Port nomi to'g'rimi? (Hozirgi: COM4)

⚠️ COM port ochilmadi yoki ma'lumot kelmadi. 5 soniyadan keyin qayta uriniladi...

============================================================
📡 Yangi tahlilni yuborish uchun URIT'da RS232 tugmasini bosing...
📷 Yoki avval barcode skanerlang (kod_yollanma yoki natija_kodi)
============================================================
⚠️ COM port (COM4) ochib bo'lmadi: could not open port 'COM4': PermissionError(13, 'Отказано в доступе.', None, 5)
   Tekshiring:
   1. URIT-50 qurilmasi ulanganmi?
   2. COM4 port mavjudmi? (Device Manager)
   3. Port boshqa dastur tomonidan ishlatilmoqdami?
   4. Port nomi to'g'rimi? (Hozirgi: COM4)

⚠️ COM port ochilmadi yoki ma'lumot kelmadi. 5 soniyadan keyin qayta uriniladi...

============================================================
📡 Yangi tahlilni yuborish uchun URIT'da RS232 tugmasini bosing...
📷 Yoki avval barcode skanerlang (kod_yollanma yoki natija_kodi)
============================================================
⚠️ COM port (COM4) ochib bo'lmadi: could not open port 'COM4': PermissionError(13, 'Отказано в доступе.', None, 5)
   Tekshiring:
   1. URIT-50 qurilmasi ulanganmi?
   2. COM4 port mavjudmi? (Device Manager)
   3. Port boshqa dastur tomonidan ishlatilmoqdami?
   4. Port nomi to'g'rimi? (Hozirgi: COM4)

⚠️ COM port ochilmadi yoki ma'lumot kelmadi. 5 soniyadan keyin qayta uriniladi...

============================================================
📡 Yangi tahlilni yuborish uchun URIT'da RS232 tugmasini bosing...
📷 Yoki avval barcode skanerlang (kod_yollanma yoki natija_kodi)
============================================================
⚠️ COM port (COM4) ochib bo'lmadi: could not open port 'COM4': PermissionError(13, 'Отказано в доступе.', None, 5)
   Tekshiring:
   1. URIT-50 qurilmasi ulanganmi?
   2. COM4 port mavjudmi? (Device Manager)
   3. Port boshqa dastur tomonidan ishlatilmoqdami?
   4. Port nomi to'g'rimi? (Hozirgi: COM4)

⚠️ COM port ochilmadi yoki ma'lumot kelmadi. 5 soniyadan keyin qayta uriniladi...

============================================================
📡 Yangi tahlilni yuborish uchun URIT'da RS232 tugmasini bosing...
📷 Yoki avval barcode skanerlang (kod_yollanma yoki natija_kodi)
============================================================
⚠️ COM port (COM4) ochib bo'lmadi: could not open port 'COM4': PermissionError(13, 'Отказано в доступе.', None, 5)
   Tekshiring:
   1. URIT-50 qurilmasi ulanganmi?
   2. COM4 port mavjudmi? (Device Manager)
   3. Port boshqa dastur tomonidan ishlatilmoqdami?
   4. Port nomi to'g'rimi? (Hozirgi: COM4)

⚠️ COM port ochilmadi yoki ma'lumot kelmadi. 5 soniyadan keyin qayta uriniladi...

============================================================
📡 Yangi tahlilni yuborish uchun URIT'da RS232 tugmasini bosing...
📷 Yoki avval barcode skanerlang (kod_yollanma yoki natija_kodi)
============================================================
⚠️ COM port (COM4) ochib bo'lmadi: could not open port 'COM4': PermissionError(13, 'Отказано в доступе.', None, 5)
   Tekshiring:
   1. URIT-50 qurilmasi ulanganmi?
   2. COM4 port mavjudmi? (Device Manager)
   3. Port boshqa dastur tomonidan ishlatilmoqdami?
   4. Port nomi to'g'rimi? (Hozirgi: COM4)

⚠️ COM port ochilmadi yoki ma'lumot kelmadi. 5 soniyadan keyin qayta uriniladi...

============================================================
📡 Yangi tahlilni yuborish uchun URIT'da RS232 tugmasini bosing...
📷 Yoki avval barcode skanerlang (kod_yollanma yoki natija_kodi)
============================================================
⚠️ COM port (COM4) ochib bo'lmadi: could not open port 'COM4': PermissionError(13, 'Отказано в доступе.', None, 5)
   Tekshiring:
   1. URIT-50 qurilmasi ulanganmi?
   2. COM4 port mavjudmi? (Device Manager)
   3. Port boshqa dastur tomonidan ishlatilmoqdami?
   4. Port nomi to'g'rimi? (Hozirgi: COM4)

⚠️ COM port ochilmadi yoki ma'lumot kelmadi. 5 soniyadan keyin qayta uriniladi...

============================================================
📡 Yangi tahlilni yuborish uchun URIT'da RS232 tugmasini bosing...
📷 Yoki avval barcode skanerlang (kod_yollanma yoki natija_kodi)
============================================================
⚠️ COM port (COM4) ochib bo'lmadi: could not open port 'COM4': PermissionError(13, 'Отказано в доступе.', None, 5)
   Tekshiring:
   1. URIT-50 qurilmasi ulanganmi?
   2. COM4 port mavjudmi? (Device Manager)
   3. Port boshqa dastur tomonidan ishlatilmoqdami?
   4. Port nomi to'g'rimi? (Hozirgi: COM4)

⚠️ COM port ochilmadi yoki ma'lumot kelmadi. 5 soniyadan keyin qayta uriniladi...

============================================================
📡 Yangi tahlilni yuborish uchun URIT'da RS232 tugmasini bosing...
📷 Yoki avval barcode skanerlang (kod_yollanma yoki natija_kodi)
============================================================
⚠️ COM port (COM4) ochib bo'lmadi: could not open port 'COM4': PermissionError(13, 'Отказано в доступе.', None, 5)
   Tekshiring:
   1. URIT-50 qurilmasi ulanganmi?
   2. COM4 port mavjudmi? (Device Manager)
   3. Port boshqa dastur tomonidan ishlatilmoqdami?
   4. Port nomi to'g'rimi? (Hozirgi: COM4)

⚠️ COM port ochilmadi yoki ma'lumot kelmadi. 5 soniyadan keyin qayta uriniladi...

============================================================
📡 Yangi tahlilni yuborish uchun URIT'da RS232 tugmasini bosing...
📷 Yoki avval barcode skanerlang (kod_yollanma yoki natija_kodi)
============================================================
⚠️ COM port (COM4) ochib bo'lmadi: could not open port 'COM4': PermissionError(13, 'Отказано в доступе.', None, 5)
   Tekshiring:
   1. URIT-50 qurilmasi ulanganmi?
   2. COM4 port mavjudmi? (Device Manager)
   3. Port boshqa dastur tomonidan ishlatilmoqdami?
   4. Port nomi to'g'rimi? (Hozirgi: COM4)

⚠️ COM port ochilmadi yoki ma'lumot kelmadi. 5 soniyadan keyin qayta uriniladi...

============================================================
📡 Yangi tahlilni yuborish uchun URIT'da RS232 tugmasini bosing...
📷 Yoki avval barcode skanerlang (kod_yollanma yoki natija_kodi)
============================================================
⚠️ COM port (COM4) ochib bo'lmadi: could not open port 'COM4': PermissionError(13, 'Отказано в доступе.', None, 5)
   Tekshiring:
   1. URIT-50 qurilmasi ulanganmi?
   2. COM4 port mavjudmi? (Device Manager)
   3. Port boshqa dastur tomonidan ishlatilmoqdami?
   4. Port nomi to'g'rimi? (Hozirgi: COM4)

⚠️ COM port ochilmadi yoki ma'lumot kelmadi. 5 soniyadan keyin qayta uriniladi...

============================================================
📡 Yangi tahlilni yuborish uchun URIT'da RS232 tugmasini bosing...
📷 Yoki avval barcode skanerlang (kod_yollanma yoki natija_kodi)
============================================================
⚠️ COM port (COM4) ochib bo'lmadi: could not open port 'COM4': PermissionError(13, 'Отказано в доступе.', None, 5)
   Tekshiring:
   1. URIT-50 qurilmasi ulanganmi?
   2. COM4 port mavjudmi? (Device Manager)
   3. Port boshqa dastur tomonidan ishlatilmoqdami?
   4. Port nomi to'g'rimi? (Hozirgi: COM4)

⚠️ COM port ochilmadi yoki ma'lumot kelmadi. 5 soniyadan keyin qayta uriniladi...

============================================================
📡 Yangi tahlilni yuborish uchun URIT'da RS232 tugmasini bosing...
📷 Yoki avval barcode skanerlang (kod_yollanma yoki natija_kodi)
============================================================
⚠️ COM port (COM4) ochib bo'lmadi: could not open port 'COM4': PermissionError(13, 'Отказано в доступе.', None, 5)
   Tekshiring:
   1. URIT-50 qurilmasi ulanganmi?
   2. COM4 port mavjudmi? (Device Manager)
   3. Port boshqa dastur tomonidan ishlatilmoqdami?
   4. Port nomi to'g'rimi? (Hozirgi: COM4)

⚠️ COM port ochilmadi yoki ma'lumot kelmadi. 5 soniyadan keyin qayta uriniladi...

============================================================
📡 Yangi tahlilni yuborish uchun URIT'da RS232 tugmasini bosing...
📷 Yoki avval barcode skanerlang (kod_yollanma yoki natija_kodi)
============================================================
⚠️ COM port (COM4) ochib bo'lmadi: could not open port 'COM4': PermissionError(13, 'Отказано в доступе.', None, 5)
   Tekshiring:
   1. URIT-50 qurilmasi ulanganmi?
   2. COM4 port mavjudmi? (Device Manager)
   3. Port boshqa dastur tomonidan ishlatilmoqdami?
   4. Port nomi to'g'rimi? (Hozirgi: COM4)

⚠️ COM port ochilmadi yoki ma'lumot kelmadi. 5 soniyadan keyin qayta uriniladi...

============================================================
📡 Yangi tahlilni yuborish uchun URIT'da RS232 tugmasini bosing...
📷 Yoki avval barcode skanerlang (kod_yollanma yoki natija_kodi)
============================================================
⚠️ COM port (COM4) ochib bo'lmadi: could not open port 'COM4': PermissionError(13, 'Отказано в доступе.', None, 5)
   Tekshiring:
   1. URIT-50 qurilmasi ulanganmi?
   2. COM4 port mavjudmi? (Device Manager)
   3. Port boshqa dastur tomonidan ishlatilmoqdami?
   4. Port nomi to'g'rimi? (Hozirgi: COM4)

⚠️ COM port ochilmadi yoki ma'lumot kelmadi. 5 soniyadan keyin qayta uriniladi...

============================================================
📡 Yangi tahlilni yuborish uchun URIT'da RS232 tugmasini bosing...
📷 Yoki avval barcode skanerlang (kod_yollanma yoki natija_kodi)
============================================================
⚠️ COM port (COM4) ochib bo'lmadi: could not open port 'COM4': PermissionError(13, 'Отказано в доступе.', None, 5)
   Tekshiring:
   1. URIT-50 qurilmasi ulanganmi?
   2. COM4 port mavjudmi? (Device Manager)
   3. Port boshqa dastur tomonidan ishlatilmoqdami?
   4. Port nomi to'g'rimi? (Hozirgi: COM4)

⚠️ COM port ochilmadi yoki ma'lumot kelmadi. 5 soniyadan keyin qayta uriniladi...

============================================================
📡 Yangi tahlilni yuborish uchun URIT'da RS232 tugmasini bosing...
📷 Yoki avval barcode skanerlang (kod_yollanma yoki natija_kodi)
============================================================
⚠️ COM port (COM4) ochib bo'lmadi: could not open port 'COM4': PermissionError(13, 'Отказано в доступе.', None, 5)
   Tekshiring:
   1. URIT-50 qurilmasi ulanganmi?
   2. COM4 port mavjudmi? (Device Manager)
   3. Port boshqa dastur tomonidan ishlatilmoqdami?
   4. Port nomi to'g'rimi? (Hozirgi: COM4)

⚠️ COM port ochilmadi yoki ma'lumot kelmadi. 5 soniyadan keyin qayta uriniladi...

============================================================
📡 Yangi tahlilni yuborish uchun URIT'da RS232 tugmasini bosing...
📷 Yoki avval barcode skanerlang (kod_yollanma yoki natija_kodi)
============================================================
⚠️ COM port (COM4) ochib bo'lmadi: could not open port 'COM4': PermissionError(13, 'Отказано в доступе.', None, 5)
   Tekshiring:
   1. URIT-50 qurilmasi ulanganmi?
   2. COM4 port mavjudmi? (Device Manager)
   3. Port boshqa dastur tomonidan ishlatilmoqdami?
   4. Port nomi to'g'rimi? (Hozirgi: COM4)

⚠️ COM port ochilmadi yoki ma'lumot kelmadi. 5 soniyadan keyin qayta uriniladi...

============================================================
📡 Yangi tahlilni yuborish uchun URIT'da RS232 tugmasini bosing...
📷 Yoki avval barcode skanerlang (kod_yollanma yoki natija_kodi)
============================================================
⚠️ COM port (COM4) ochib bo'lmadi: could not open port 'COM4': PermissionError(13, 'Отказано в доступе.', None, 5)
   Tekshiring:
   1. URIT-50 qurilmasi ulanganmi?
   2. COM4 port mavjudmi? (Device Manager)
   3. Port boshqa dastur tomonidan ishlatilmoqdami?
   4. Port nomi to'g'rimi? (Hozirgi: COM4)

⚠️ COM port ochilmadi yoki ma'lumot kelmadi. 5 soniyadan keyin qayta uriniladi...

============================================================
📡 Yangi tahlilni yuborish uchun URIT'da RS232 tugmasini bosing...
📷 Yoki avval barcode skanerlang (kod_yollanma yoki natija_kodi)
============================================================
⚠️ COM port (COM4) ochib bo'lmadi: could not open port 'COM4': PermissionError(13, 'Отказано в доступе.', None, 5)
   Tekshiring:
   1. URIT-50 qurilmasi ulanganmi?
   2. COM4 port mavjudmi? (Device Manager)
   3. Port boshqa dastur tomonidan ishlatilmoqdami?
   4. Port nomi to'g'rimi? (Hozirgi: COM4)

⚠️ COM port ochilmadi yoki ma'lumot kelmadi. 5 soniyadan keyin qayta uriniladi...

============================================================
📡 Yangi tahlilni yuborish uchun URIT'da RS232 tugmasini bosing...
📷 Yoki avval barcode skanerlang (kod_yollanma yoki natija_kodi)
============================================================
⚠️ COM port (COM4) ochib bo'lmadi: could not open port 'COM4': PermissionError(13, 'Отказано в доступе.', None, 5)
   Tekshiring:
   1. URIT-50 qurilmasi ulanganmi?
   2. COM4 port mavjudmi? (Device Manager)
   3. Port boshqa dastur tomonidan ishlatilmoqdami?
   4. Port nomi to'g'rimi? (Hozirgi: COM4)

⚠️ COM port ochilmadi yoki ma'lumot kelmadi. 5 soniyadan keyin qayta uriniladi...

============================================================
📡 Yangi tahlilni yuborish uchun URIT'da RS232 tugmasini bosing...
📷 Yoki avval barcode skanerlang (kod_yollanma yoki natija_kodi)
============================================================
⚠️ COM port (COM4) ochib bo'lmadi: could not open port 'COM4': PermissionError(13, 'Отказано в доступе.', None, 5)
   Tekshiring:
   1. URIT-50 qurilmasi ulanganmi?
   2. COM4 port mavjudmi? (Device Manager)
   3. Port boshqa dastur tomonidan ishlatilmoqdami?
   4. Port nomi to'g'rimi? (Hozirgi: COM4)

⚠️ COM port ochilmadi yoki ma'lumot kelmadi. 5 soniyadan keyin qayta uriniladi...

============================================================
📡 Yangi tahlilni yuborish uchun URIT'da RS232 tugmasini bosing...
📷 Yoki avval barcode skanerlang (kod_yollanma yoki natija_kodi)
============================================================
⚠️ COM port (COM4) ochib bo'lmadi: could not open port 'COM4': PermissionError(13, 'Отказано в доступе.', None, 5)
   Tekshiring:
   1. URIT-50 qurilmasi ulanganmi?
   2. COM4 port mavjudmi? (Device Manager)
   3. Port boshqa dastur tomonidan ishlatilmoqdami?
   4. Port nomi to'g'rimi? (Hozirgi: COM4)

⚠️ COM port ochilmadi yoki ma'lumot kelmadi. 5 soniyadan keyin qayta uriniladi...

============================================================
📡 Yangi tahlilni yuborish uchun URIT'da RS232 tugmasini bosing...
📷 Yoki avval barcode skanerlang (kod_yollanma yoki natija_kodi)
============================================================
⚠️ COM port (COM4) ochib bo'lmadi: could not open port 'COM4': PermissionError(13, 'Отказано в доступе.', None, 5)
   Tekshiring:
   1. URIT-50 qurilmasi ulanganmi?
   2. COM4 port mavjudmi? (Device Manager)
   3. Port boshqa dastur tomonidan ishlatilmoqdami?
   4. Port nomi to'g'rimi? (Hozirgi: COM4)

⚠️ COM port ochilmadi yoki ma'lumot kelmadi. 5 soniyadan keyin qayta uriniladi...

============================================================
📡 Yangi tahlilni yuborish uchun URIT'da RS232 tugmasini bosing...
📷 Yoki avval barcode skanerlang (kod_yollanma yoki natija_kodi)
============================================================
⚠️ COM port (COM4) ochib bo'lmadi: could not open port 'COM4': PermissionError(13, 'Отказано в доступе.', None, 5)
   Tekshiring:
   1. URIT-50 qurilmasi ulanganmi?
   2. COM4 port mavjudmi? (Device Manager)
   3. Port boshqa dastur tomonidan ishlatilmoqdami?
   4. Port nomi to'g'rimi? (Hozirgi: COM4)

⚠️ COM port ochilmadi yoki ma'lumot kelmadi. 5 soniyadan keyin qayta uriniladi...

============================================================
📡 Yangi tahlilni yuborish uchun URIT'da RS232 tugmasini bosing...
📷 Yoki avval barcode skanerlang (kod_yollanma yoki natija_kodi)
============================================================
⚠️ COM port (COM4) ochib bo'lmadi: could not open port 'COM4': PermissionError(13, 'Отказано в доступе.', None, 5)
   Tekshiring:
   1. URIT-50 qurilmasi ulanganmi?
   2. COM4 port mavjudmi? (Device Manager)
   3. Port boshqa dastur tomonidan ishlatilmoqdami?
   4. Port nomi to'g'rimi? (Hozirgi: COM4)

⚠️ COM port ochilmadi yoki ma'lumot kelmadi. 5 soniyadan keyin qayta uriniladi...

============================================================
📡 Yangi tahlilni yuborish uchun URIT'da RS232 tugmasini bosing...
📷 Yoki avval barcode skanerlang (kod_yollanma yoki natija_kodi)
============================================================
⚠️ COM port (COM4) ochib bo'lmadi: could not open port 'COM4': PermissionError(13, 'Отказано в доступе.', None, 5)
   Tekshiring:
   1. URIT-50 qurilmasi ulanganmi?
   2. COM4 port mavjudmi? (Device Manager)
   3. Port boshqa dastur tomonidan ishlatilmoqdami?
   4. Port nomi to'g'rimi? (Hozirgi: COM4)

⚠️ COM port ochilmadi yoki ma'lumot kelmadi. 5 soniyadan keyin qayta uriniladi...

============================================================
📡 Yangi tahlilni yuborish uchun URIT'da RS232 tugmasini bosing...
📷 Yoki avval barcode skanerlang (kod_yollanma yoki natija_kodi)
============================================================
⚠️ COM port (COM4) ochib bo'lmadi: could not open port 'COM4': PermissionError(13, 'Отказано в доступе.', None, 5)
   Tekshiring:
   1. URIT-50 qurilmasi ulanganmi?
   2. COM4 port mavjudmi? (Device Manager)
   3. Port boshqa dastur tomonidan ishlatilmoqdami?
   4. Port nomi to'g'rimi? (Hozirgi: COM4)

⚠️ COM port ochilmadi yoki ma'lumot kelmadi. 5 soniyadan keyin qayta uriniladi...

============================================================
📡 Yangi tahlilni yuborish uchun URIT'da RS232 tugmasini bosing...
📷 Yoki avval barcode skanerlang (kod_yollanma yoki natija_kodi)
============================================================
⚠️ COM port (COM4) ochib bo'lmadi: could not open port 'COM4': PermissionError(13, 'Отказано в доступе.', None, 5)
   Tekshiring:
   1. URIT-50 qurilmasi ulanganmi?
   2. COM4 port mavjudmi? (Device Manager)
   3. Port boshqa dastur tomonidan ishlatilmoqdami?
   4. Port nomi to'g'rimi? (Hozirgi: COM4)

⚠️ COM port ochilmadi yoki ma'lumot kelmadi. 5 soniyadan keyin qayta uriniladi...

============================================================
📡 Yangi tahlilni yuborish uchun URIT'da RS232 tugmasini bosing...
📷 Yoki avval barcode skanerlang (kod_yollanma yoki natija_kodi)
============================================================
⚠️ COM port (COM4) ochib bo'lmadi: could not open port 'COM4': PermissionError(13, 'Отказано в доступе.', None, 5)
   Tekshiring:
   1. URIT-50 qurilmasi ulanganmi?
   2. COM4 port mavjudmi? (Device Manager)
   3. Port boshqa dastur tomonidan ishlatilmoqdami?
   4. Port nomi to'g'rimi? (Hozirgi: COM4)

⚠️ COM port ochilmadi yoki ma'lumot kelmadi. 5 soniyadan keyin qayta uriniladi...

============================================================
📡 Yangi tahlilni yuborish uchun URIT'da RS232 tugmasini bosing...
📷 Yoki avval barcode skanerlang (kod_yollanma yoki natija_kodi)
============================================================
⚠️ COM port (COM4) ochib bo'lmadi: could not open port 'COM4': PermissionError(13, 'Отказано в доступе.', None, 5)
   Tekshiring:
   1. URIT-50 qurilmasi ulanganmi?
   2. COM4 port mavjudmi? (Device Manager)
   3. Port boshqa dastur tomonidan ishlatilmoqdami?
   4. Port nomi to'g'rimi? (Hozirgi: COM4)

⚠️ COM port ochilmadi yoki ma'lumot kelmadi. 5 soniyadan keyin qayta uriniladi...

============================================================
📡 Yangi tahlilni yuborish uchun URIT'da RS232 tugmasini bosing...
📷 Yoki avval barcode skanerlang (kod_yollanma yoki natija_kodi)
============================================================
⚠️ COM port (COM4) ochib bo'lmadi: could not open port 'COM4': PermissionError(13, 'Отказано в доступе.', None, 5)
   Tekshiring:
   1. URIT-50 qurilmasi ulanganmi?
   2. COM4 port mavjudmi? (Device Manager)
   3. Port boshqa dastur tomonidan ishlatilmoqdami?
   4. Port nomi to'g'rimi? (Hozirgi: COM4)

⚠️ COM port ochilmadi yoki ma'lumot kelmadi. 5 soniyadan keyin qayta uriniladi...

============================================================
📡 Yangi tahlilni yuborish uchun URIT'da RS232 tugmasini bosing...
📷 Yoki avval barcode skanerlang (kod_yollanma yoki natija_kodi)
============================================================
⚠️ COM port (COM4) ochib bo'lmadi: could not open port 'COM4': PermissionError(13, 'Отказано в доступе.', None, 5)
   Tekshiring:
   1. URIT-50 qurilmasi ulanganmi?
   2. COM4 port mavjudmi? (Device Manager)
   3. Port boshqa dastur tomonidan ishlatilmoqdami?
   4. Port nomi to'g'rimi? (Hozirgi: COM4)

⚠️ COM port ochilmadi yoki ma'lumot kelmadi. 5 soniyadan keyin qayta uriniladi...

============================================================
📡 Yangi tahlilni yuborish uchun URIT'da RS232 tugmasini bosing...
📷 Yoki avval barcode skanerlang (kod_yollanma yoki natija_kodi)
============================================================
⚠️ COM port (COM4) ochib bo'lmadi: could not open port 'COM4': PermissionError(13, 'Отказано в доступе.', None, 5)
   Tekshiring:
   1. URIT-50 qurilmasi ulanganmi?
   2. COM4 port mavjudmi? (Device Manager)
   3. Port boshqa dastur tomonidan ishlatilmoqdami?
   4. Port nomi to'g'rimi? (Hozirgi: COM4)

⚠️ COM port ochilmadi yoki ma'lumot kelmadi. 5 soniyadan keyin qayta uriniladi...

============================================================
📡 Yangi tahlilni yuborish uchun URIT'da RS232 tugmasini bosing...
📷 Yoki avval barcode skanerlang (kod_yollanma yoki natija_kodi)
============================================================
⚠️ COM port (COM4) ochib bo'lmadi: could not open port 'COM4': PermissionError(13, 'Отказано в доступе.', None, 5)
   Tekshiring:
   1. URIT-50 qurilmasi ulanganmi?
   2. COM4 port mavjudmi? (Device Manager)
   3. Port boshqa dastur tomonidan ishlatilmoqdami?
   4. Port nomi to'g'rimi? (Hozirgi: COM4)

⚠️ COM port ochilmadi yoki ma'lumot kelmadi. 5 soniyadan keyin qayta uriniladi...

============================================================
📡 Yangi tahlilni yuborish uchun URIT'da RS232 tugmasini bosing...
📷 Yoki avval barcode skanerlang (kod_yollanma yoki natija_kodi)
============================================================
⚠️ COM port (COM4) ochib bo'lmadi: could not open port 'COM4': PermissionError(13, 'Отказано в доступе.', None, 5)
   Tekshiring:
   1. URIT-50 qurilmasi ulanganmi?
   2. COM4 port mavjudmi? (Device Manager)
   3. Port boshqa dastur tomonidan ishlatilmoqdami?
   4. Port nomi to'g'rimi? (Hozirgi: COM4)

⚠️ COM port ochilmadi yoki ma'lumot kelmadi. 5 soniyadan keyin qayta uriniladi...

============================================================
📡 Yangi tahlilni yuborish uchun URIT'da RS232 tugmasini bosing...
📷 Yoki avval barcode skanerlang (kod_yollanma yoki natija_kodi)
============================================================
⚠️ COM port (COM4) ochib bo'lmadi: could not open port 'COM4': PermissionError(13, 'Отказано в доступе.', None, 5)
   Tekshiring:
   1. URIT-50 qurilmasi ulanganmi?
   2. COM4 port mavjudmi? (Device Manager)
   3. Port boshqa dastur tomonidan ishlatilmoqdami?
   4. Port nomi to'g'rimi? (Hozirgi: COM4)

⚠️ COM port ochilmadi yoki ma'lumot kelmadi. 5 soniyadan keyin qayta uriniladi...

============================================================
📡 Yangi tahlilni yuborish uchun URIT'da RS232 tugmasini bosing...
📷 Yoki avval barcode skanerlang (kod_yollanma yoki natija_kodi)
============================================================
⚠️ COM port (COM4) ochib bo'lmadi: could not open port 'COM4': PermissionError(13, 'Отказано в доступе.', None, 5)
   Tekshiring:
   1. URIT-50 qurilmasi ulanganmi?
   2. COM4 port mavjudmi? (Device Manager)
   3. Port boshqa dastur tomonidan ishlatilmoqdami?
   4. Port nomi to'g'rimi? (Hozirgi: COM4)

⚠️ COM port ochilmadi yoki ma'lumot kelmadi. 5 soniyadan keyin qayta uriniladi...

============================================================
📡 Yangi tahlilni yuborish uchun URIT'da RS232 tugmasini bosing...
📷 Yoki avval barcode skanerlang (kod_yollanma yoki natija_kodi)
============================================================
⚠️ COM port (COM4) ochib bo'lmadi: could not open port 'COM4': PermissionError(13, 'Отказано в доступе.', None, 5)
   Tekshiring:
   1. URIT-50 qurilmasi ulanganmi?
   2. COM4 port mavjudmi? (Device Manager)
   3. Port boshqa dastur tomonidan ishlatilmoqdami?
   4. Port nomi to'g'rimi? (Hozirgi: COM4)

⚠️ COM port ochilmadi yoki ma'lumot kelmadi. 5 soniyadan keyin qayta uriniladi...

============================================================
📡 Yangi tahlilni yuborish uchun URIT'da RS232 tugmasini bosing...
📷 Yoki avval barcode skanerlang (kod_yollanma yoki natija_kodi)
============================================================
⚠️ COM port (COM4) ochib bo'lmadi: could not open port 'COM4': PermissionError(13, 'Отказано в доступе.', None, 5)
   Tekshiring:
   1. URIT-50 qurilmasi ulanganmi?
   2. COM4 port mavjudmi? (Device Manager)
   3. Port boshqa dastur tomonidan ishlatilmoqdami?
   4. Port nomi to'g'rimi? (Hozirgi: COM4)

⚠️ COM port ochilmadi yoki ma'lumot kelmadi. 5 soniyadan keyin qayta uriniladi...

============================================================
📡 Yangi tahlilni yuborish uchun URIT'da RS232 tugmasini bosing...
📷 Yoki avval barcode skanerlang (kod_yollanma yoki natija_kodi)
============================================================
⚠️ COM port (COM4) ochib bo'lmadi: could not open port 'COM4': PermissionError(13, 'Отказано в доступе.', None, 5)
   Tekshiring:
   1. URIT-50 qurilmasi ulanganmi?
   2. COM4 port mavjudmi? (Device Manager)
   3. Port boshqa dastur tomonidan ishlatilmoqdami?
   4. Port nomi to'g'rimi? (Hozirgi: COM4)

⚠️ COM port ochilmadi yoki ma'lumot kelmadi. 5 soniyadan keyin qayta uriniladi...

============================================================
📡 Yangi tahlilni yuborish uchun URIT'da RS232 tugmasini bosing...
📷 Yoki avval barcode skanerlang (kod_yollanma yoki natija_kodi)
============================================================
⚠️ COM port (COM4) ochib bo'lmadi: could not open port 'COM4': PermissionError(13, 'Отказано в доступе.', None, 5)
   Tekshiring:
   1. URIT-50 qurilmasi ulanganmi?
   2. COM4 port mavjudmi? (Device Manager)
   3. Port boshqa dastur tomonidan ishlatilmoqdami?
   4. Port nomi to'g'rimi? (Hozirgi: COM4)

⚠️ COM port ochilmadi yoki ma'lumot kelmadi. 5 soniyadan keyin qayta uriniladi...

============================================================
📡 Yangi tahlilni yuborish uchun URIT'da RS232 tugmasini bosing...
📷 Yoki avval barcode skanerlang (kod_yollanma yoki natija_kodi)
============================================================
⚠️ COM port (COM4) ochib bo'lmadi: could not open port 'COM4': PermissionError(13, 'Отказано в доступе.', None, 5)
   Tekshiring:
   1. URIT-50 qurilmasi ulanganmi?
   2. COM4 port mavjudmi? (Device Manager)
   3. Port boshqa dastur tomonidan ishlatilmoqdami?
   4. Port nomi to'g'rimi? (Hozirgi: COM4)

⚠️ COM port ochilmadi yoki ma'lumot kelmadi. 5 soniyadan keyin qayta uriniladi...

============================================================
📡 Yangi tahlilni yuborish uchun URIT'da RS232 tugmasini bosing...
📷 Yoki avval barcode skanerlang (kod_yollanma yoki natija_kodi)
============================================================
⚠️ COM port (COM4) ochib bo'lmadi: could not open port 'COM4': PermissionError(13, 'Отказано в доступе.', None, 5)
   Tekshiring:
   1. URIT-50 qurilmasi ulanganmi?
   2. COM4 port mavjudmi? (Device Manager)
   3. Port boshqa dastur tomonidan ishlatilmoqdami?
   4. Port nomi to'g'rimi? (Hozirgi: COM4)

⚠️ COM port ochilmadi yoki ma'lumot kelmadi. 5 soniyadan keyin qayta uriniladi...

============================================================
📡 Yangi tahlilni yuborish uchun URIT'da RS232 tugmasini bosing...
📷 Yoki avval barcode skanerlang (kod_yollanma yoki natija_kodi)
============================================================
⚠️ COM port (COM4) ochib bo'lmadi: could not open port 'COM4': PermissionError(13, 'Отказано в доступе.', None, 5)
   Tekshiring:
   1. URIT-50 qurilmasi ulanganmi?
   2. COM4 port mavjudmi? (Device Manager)
   3. Port boshqa dastur tomonidan ishlatilmoqdami?
   4. Port nomi to'g'rimi? (Hozirgi: COM4)

⚠️ COM port ochilmadi yoki ma'lumot kelmadi. 5 soniyadan keyin qayta uriniladi...

============================================================
📡 Yangi tahlilni yuborish uchun URIT'da RS232 tugmasini bosing...
📷 Yoki avval barcode skanerlang (kod_yollanma yoki natija_kodi)
============================================================
⚠️ COM port (COM4) ochib bo'lmadi: could not open port 'COM4': PermissionError(13, 'Отказано в доступе.', None, 5)
   Tekshiring:
   1. URIT-50 qurilmasi ulanganmi?
   2. COM4 port mavjudmi? (Device Manager)
   3. Port boshqa dastur tomonidan ishlatilmoqdami?
   4. Port nomi to'g'rimi? (Hozirgi: COM4)

⚠️ COM port ochilmadi yoki ma'lumot kelmadi. 5 soniyadan keyin qayta uriniladi...

============================================================
📡 Yangi tahlilni yuborish uchun URIT'da RS232 tugmasini bosing...
📷 Yoki avval barcode skanerlang (kod_yollanma yoki natija_kodi)
============================================================
⚠️ COM port (COM4) ochib bo'lmadi: could not open port 'COM4': PermissionError(13, 'Отказано в доступе.', None, 5)
   Tekshiring:
   1. URIT-50 qurilmasi ulanganmi?
   2. COM4 port mavjudmi? (Device Manager)
   3. Port boshqa dastur tomonidan ishlatilmoqdami?
   4. Port nomi to'g'rimi? (Hozirgi: COM4)

⚠️ COM port ochilmadi yoki ma'lumot kelmadi. 5 soniyadan keyin qayta uriniladi...

============================================================
📡 Yangi tahlilni yuborish uchun URIT'da RS232 tugmasini bosing...
📷 Yoki avval barcode skanerlang (kod_yollanma yoki natija_kodi)
============================================================
⚠️ COM port (COM4) ochib bo'lmadi: could not open port 'COM4': PermissionError(13, 'Отказано в доступе.', None, 5)
   Tekshiring:
   1. URIT-50 qurilmasi ulanganmi?
   2. COM4 port mavjudmi? (Device Manager)
   3. Port boshqa dastur tomonidan ishlatilmoqdami?
   4. Port nomi to'g'rimi? (Hozirgi: COM4)

⚠️ COM port ochilmadi yoki ma'lumot kelmadi. 5 soniyadan keyin qayta uriniladi...

============================================================
📡 Yangi tahlilni yuborish uchun URIT'da RS232 tugmasini bosing...
📷 Yoki avval barcode skanerlang (kod_yollanma yoki natija_kodi)
============================================================
⚠️ COM port (COM4) ochib bo'lmadi: could not open port 'COM4': PermissionError(13, 'Отказано в доступе.', None, 5)
   Tekshiring:
   1. URIT-50 qurilmasi ulanganmi?
   2. COM4 port mavjudmi? (Device Manager)
   3. Port boshqa dastur tomonidan ishlatilmoqdami?
   4. Port nomi to'g'rimi? (Hozirgi: COM4)

⚠️ COM port ochilmadi yoki ma'lumot kelmadi. 5 soniyadan keyin qayta uriniladi...

============================================================
📡 Yangi tahlilni yuborish uchun URIT'da RS232 tugmasini bosing...
📷 Yoki avval barcode skanerlang (kod_yollanma yoki natija_kodi)
============================================================
⚠️ COM port (COM4) ochib bo'lmadi: could not open port 'COM4': PermissionError(13, 'Отказано в доступе.', None, 5)
   Tekshiring:
   1. URIT-50 qurilmasi ulanganmi?
   2. COM4 port mavjudmi? (Device Manager)
   3. Port boshqa dastur tomonidan ishlatilmoqdami?
   4. Port nomi to'g'rimi? (Hozirgi: COM4)

⚠️ COM port ochilmadi yoki ma'lumot kelmadi. 5 soniyadan keyin qayta uriniladi...

============================================================
📡 Yangi tahlilni yuborish uchun URIT'da RS232 tugmasini bosing...
📷 Yoki avval barcode skanerlang (kod_yollanma yoki natija_kodi)
============================================================
⚠️ COM port (COM4) ochib bo'lmadi: could not open port 'COM4': PermissionError(13, 'Отказано в доступе.', None, 5)
   Tekshiring:
   1. URIT-50 qurilmasi ulanganmi?
   2. COM4 port mavjudmi? (Device Manager)
   3. Port boshqa dastur tomonidan ishlatilmoqdami?
   4. Port nomi to'g'rimi? (Hozirgi: COM4)

⚠️ COM port ochilmadi yoki ma'lumot kelmadi. 5 soniyadan keyin qayta uriniladi...

============================================================
📡 Yangi tahlilni yuborish uchun URIT'da RS232 tugmasini bosing...
📷 Yoki avval barcode skanerlang (kod_yollanma yoki natija_kodi)
============================================================
⚠️ COM port (COM4) ochib bo'lmadi: could not open port 'COM4': PermissionError(13, 'Отказано в доступе.', None, 5)
   Tekshiring:
   1. URIT-50 qurilmasi ulanganmi?
   2. COM4 port mavjudmi? (Device Manager)
   3. Port boshqa dastur tomonidan ishlatilmoqdami?
   4. Port nomi to'g'rimi? (Hozirgi: COM4)

⚠️ COM port ochilmadi yoki ma'lumot kelmadi. 5 soniyadan keyin qayta uriniladi...

============================================================
📡 Yangi tahlilni yuborish uchun URIT'da RS232 tugmasini bosing...
📷 Yoki avval barcode skanerlang (kod_yollanma yoki natija_kodi)
============================================================
⚠️ COM port (COM4) ochib bo'lmadi: could not open port 'COM4': PermissionError(13, 'Отказано в доступе.', None, 5)
   Tekshiring:
   1. URIT-50 qurilmasi ulanganmi?
   2. COM4 port mavjudmi? (Device Manager)
   3. Port boshqa dastur tomonidan ishlatilmoqdami?
   4. Port nomi to'g'rimi? (Hozirgi: COM4)

⚠️ COM port ochilmadi yoki ma'lumot kelmadi. 5 soniyadan keyin qayta uriniladi...

============================================================
📡 Yangi tahlilni yuborish uchun URIT'da RS232 tugmasini bosing...
📷 Yoki avval barcode skanerlang (kod_yollanma yoki natija_kodi)
============================================================
⚠️ COM port (COM4) ochib bo'lmadi: could not open port 'COM4': PermissionError(13, 'Отказано в доступе.', None, 5)
   Tekshiring:
   1. URIT-50 qurilmasi ulanganmi?
   2. COM4 port mavjudmi? (Device Manager)
   3. Port boshqa dastur tomonidan ishlatilmoqdami?
   4. Port nomi to'g'rimi? (Hozirgi: COM4)

⚠️ COM port ochilmadi yoki ma'lumot kelmadi. 5 soniyadan keyin qayta uriniladi...

============================================================
📡 Yangi tahlilni yuborish uchun URIT'da RS232 tugmasini bosing...
📷 Yoki avval barcode skanerlang (kod_yollanma yoki natija_kodi)
============================================================
⚠️ COM port (COM4) ochib bo'lmadi: could not open port 'COM4': PermissionError(13, 'Отказано в доступе.', None, 5)
   Tekshiring:
   1. URIT-50 qurilmasi ulanganmi?
   2. COM4 port mavjudmi? (Device Manager)
   3. Port boshqa dastur tomonidan ishlatilmoqdami?
   4. Port nomi to'g'rimi? (Hozirgi: COM4)

⚠️ COM port ochilmadi yoki ma'lumot kelmadi. 5 soniyadan keyin qayta uriniladi...

============================================================
📡 Yangi tahlilni yuborish uchun URIT'da RS232 tugmasini bosing...
📷 Yoki avval barcode skanerlang (kod_yollanma yoki natija_kodi)
============================================================
⚠️ COM port (COM4) ochib bo'lmadi: could not open port 'COM4': PermissionError(13, 'Отказано в доступе.', None, 5)
   Tekshiring:
   1. URIT-50 qurilmasi ulanganmi?
   2. COM4 port mavjudmi? (Device Manager)
   3. Port boshqa dastur tomonidan ishlatilmoqdami?
   4. Port nomi to'g'rimi? (Hozirgi: COM4)

⚠️ COM port ochilmadi yoki ma'lumot kelmadi. 5 soniyadan keyin qayta uriniladi...

============================================================
📡 Yangi tahlilni yuborish uchun URIT'da RS232 tugmasini bosing...
📷 Yoki avval barcode skanerlang (kod_yollanma yoki natija_kodi)
============================================================
⚠️ COM port (COM4) ochib bo'lmadi: could not open port 'COM4': PermissionError(13, 'Отказано в доступе.', None, 5)
   Tekshiring:
   1. URIT-50 qurilmasi ulanganmi?
   2. COM4 port mavjudmi? (Device Manager)
   3. Port boshqa dastur tomonidan ishlatilmoqdami?
   4. Port nomi to'g'rimi? (Hozirgi: COM4)

⚠️ COM port ochilmadi yoki ma'lumot kelmadi. 5 soniyadan keyin qayta uriniladi...

============================================================
📡 Yangi tahlilni yuborish uchun URIT'da RS232 tugmasini bosing...
📷 Yoki avval barcode skanerlang (kod_yollanma yoki natija_kodi)
============================================================
⚠️ COM port (COM4) ochib bo'lmadi: could not open port 'COM4': PermissionError(13, 'Отказано в доступе.', None, 5)
   Tekshiring:
   1. URIT-50 qurilmasi ulanganmi?
   2. COM4 port mavjudmi? (Device Manager)
   3. Port boshqa dastur tomonidan ishlatilmoqdami?
   4. Port nomi to'g'rimi? (Hozirgi: COM4)

⚠️ COM port ochilmadi yoki ma'lumot kelmadi. 5 soniyadan keyin qayta uriniladi...

============================================================
📡 Yangi tahlilni yuborish uchun URIT'da RS232 tugmasini bosing...
📷 Yoki avval barcode skanerlang (kod_yollanma yoki natija_kodi)
============================================================
⚠️ COM port (COM4) ochib bo'lmadi: could not open port 'COM4': PermissionError(13, 'Отказано в доступе.', None, 5)
   Tekshiring:
   1. URIT-50 qurilmasi ulanganmi?
   2. COM4 port mavjudmi? (Device Manager)
   3. Port boshqa dastur tomonidan ishlatilmoqdami?
   4. Port nomi to'g'rimi? (Hozirgi: COM4)

⚠️ COM port ochilmadi yoki ma'lumot kelmadi. 5 soniyadan keyin qayta uriniladi...

============================================================
📡 Yangi tahlilni yuborish uchun URIT'da RS232 tugmasini bosing...
📷 Yoki avval barcode skanerlang (kod_yollanma yoki natija_kodi)
============================================================
⚠️ COM port (COM4) ochib bo'lmadi: could not open port 'COM4': PermissionError(13, 'Отказано в доступе.', None, 5)
   Tekshiring:
   1. URIT-50 qurilmasi ulanganmi?
   2. COM4 port mavjudmi? (Device Manager)
   3. Port boshqa dastur tomonidan ishlatilmoqdami?
   4. Port nomi to'g'rimi? (Hozirgi: COM4)

⚠️ COM port ochilmadi yoki ma'lumot kelmadi. 5 soniyadan keyin qayta uriniladi...

============================================================
📡 Yangi tahlilni yuborish uchun URIT'da RS232 tugmasini bosing...
📷 Yoki avval barcode skanerlang (kod_yollanma yoki natija_kodi)
============================================================
⚠️ COM port (COM4) ochib bo'lmadi: could not open port 'COM4': PermissionError(13, 'Отказано в доступе.', None, 5)
   Tekshiring:
   1. URIT-50 qurilmasi ulanganmi?
   2. COM4 port mavjudmi? (Device Manager)
   3. Port boshqa dastur tomonidan ishlatilmoqdami?
   4. Port nomi to'g'rimi? (Hozirgi: COM4)

⚠️ COM port ochilmadi yoki ma'lumot kelmadi. 5 soniyadan keyin qayta uriniladi...

============================================================
📡 Yangi tahlilni yuborish uchun URIT'da RS232 tugmasini bosing...
📷 Yoki avval barcode skanerlang (kod_yollanma yoki natija_kodi)
============================================================
⚠️ COM port (COM4) ochib bo'lmadi: could not open port 'COM4': PermissionError(13, 'Отказано в доступе.', None, 5)
   Tekshiring:
   1. URIT-50 qurilmasi ulanganmi?
   2. COM4 port mavjudmi? (Device Manager)
   3. Port boshqa dastur tomonidan ishlatilmoqdami?
   4. Port nomi to'g'rimi? (Hozirgi: COM4)

⚠️ COM port ochilmadi yoki ma'lumot kelmadi. 5 soniyadan keyin qayta uriniladi...

============================================================
📡 Yangi tahlilni yuborish uchun URIT'da RS232 tugmasini bosing...
📷 Yoki avval barcode skanerlang (kod_yollanma yoki natija_kodi)
============================================================
⚠️ COM port (COM4) ochib bo'lmadi: could not open port 'COM4': PermissionError(13, 'Отказано в доступе.', None, 5)
   Tekshiring:
   1. URIT-50 qurilmasi ulanganmi?
   2. COM4 port mavjudmi? (Device Manager)
   3. Port boshqa dastur tomonidan ishlatilmoqdami?
   4. Port nomi to'g'rimi? (Hozirgi: COM4)

⚠️ COM port ochilmadi yoki ma'lumot kelmadi. 5 soniyadan keyin qayta uriniladi...

============================================================
📡 Yangi tahlilni yuborish uchun URIT'da RS232 tugmasini bosing...
📷 Yoki avval barcode skanerlang (kod_yollanma yoki natija_kodi)
============================================================
⚠️ COM port (COM4) ochib bo'lmadi: could not open port 'COM4': PermissionError(13, 'Отказано в доступе.', None, 5)
   Tekshiring:
   1. URIT-50 qurilmasi ulanganmi?
   2. COM4 port mavjudmi? (Device Manager)
   3. Port boshqa dastur tomonidan ishlatilmoqdami?
   4. Port nomi to'g'rimi? (Hozirgi: COM4)

⚠️ COM port ochilmadi yoki ma'lumot kelmadi. 5 soniyadan keyin qayta uriniladi...

============================================================
📡 Yangi tahlilni yuborish uchun URIT'da RS232 tugmasini bosing...
📷 Yoki avval barcode skanerlang (kod_yollanma yoki natija_kodi)
============================================================
⚠️ COM port (COM4) ochib bo'lmadi: could not open port 'COM4': PermissionError(13, 'Отказано в доступе.', None, 5)
   Tekshiring:
   1. URIT-50 qurilmasi ulanganmi?
   2. COM4 port mavjudmi? (Device Manager)
   3. Port boshqa dastur tomonidan ishlatilmoqdami?
   4. Port nomi to'g'rimi? (Hozirgi: COM4)

⚠️ COM port ochilmadi yoki ma'lumot kelmadi. 5 soniyadan keyin qayta uriniladi...

============================================================
📡 Yangi tahlilni yuborish uchun URIT'da RS232 tugmasini bosing...
📷 Yoki avval barcode skanerlang (kod_yollanma yoki natija_kodi)
============================================================
⚠️ COM port (COM4) ochib bo'lmadi: could not open port 'COM4': PermissionError(13, 'Отказано в доступе.', None, 5)
   Tekshiring:
   1. URIT-50 qurilmasi ulanganmi?
   2. COM4 port mavjudmi? (Device Manager)
   3. Port boshqa dastur tomonidan ishlatilmoqdami?
   4. Port nomi to'g'rimi? (Hozirgi: COM4)

⚠️ COM port ochilmadi yoki ma'lumot kelmadi. 5 soniyadan keyin qayta uriniladi...

============================================================
📡 Yangi tahlilni yuborish uchun URIT'da RS232 tugmasini bosing...
📷 Yoki avval barcode skanerlang (kod_yollanma yoki natija_kodi)
============================================================
⚠️ COM port (COM4) ochib bo'lmadi: could not open port 'COM4': PermissionError(13, 'Отказано в доступе.', None, 5)
   Tekshiring:
   1. URIT-50 qurilmasi ulanganmi?
   2. COM4 port mavjudmi? (Device Manager)
   3. Port boshqa dastur tomonidan ishlatilmoqdami?
   4. Port nomi to'g'rimi? (Hozirgi: COM4)

⚠️ COM port ochilmadi yoki ma'lumot kelmadi. 5 soniyadan keyin qayta uriniladi...

============================================================
📡 Yangi tahlilni yuborish uchun URIT'da RS232 tugmasini bosing...
📷 Yoki avval barcode skanerlang (kod_yollanma yoki natija_kodi)
============================================================
⚠️ COM port (COM4) ochib bo'lmadi: could not open port 'COM4': PermissionError(13, 'Отказано в доступе.', None, 5)
   Tekshiring:
   1. URIT-50 qurilmasi ulanganmi?
   2. COM4 port mavjudmi? (Device Manager)
   3. Port boshqa dastur tomonidan ishlatilmoqdami?
   4. Port nomi to'g'rimi? (Hozirgi: COM4)

⚠️ COM port ochilmadi yoki ma'lumot kelmadi. 5 soniyadan keyin qayta uriniladi...

============================================================
📡 Yangi tahlilni yuborish uchun URIT'da RS232 tugmasini bosing...
📷 Yoki avval barcode skanerlang (kod_yollanma yoki natija_kodi)
============================================================
⚠️ COM port (COM4) ochib bo'lmadi: could not open port 'COM4': PermissionError(13, 'Отказано в доступе.', None, 5)
   Tekshiring:
   1. URIT-50 qurilmasi ulanganmi?
   2. COM4 port mavjudmi? (Device Manager)
   3. Port boshqa dastur tomonidan ishlatilmoqdami?
   4. Port nomi to'g'rimi? (Hozirgi: COM4)

⚠️ COM port ochilmadi yoki ma'lumot kelmadi. 5 soniyadan keyin qayta uriniladi...

============================================================
📡 Yangi tahlilni yuborish uchun URIT'da RS232 tugmasini bosing...
📷 Yoki avval barcode skanerlang (kod_yollanma yoki natija_kodi)
============================================================
⚠️ COM port (COM4) ochib bo'lmadi: could not open port 'COM4': PermissionError(13, 'Отказано в доступе.', None, 5)
   Tekshiring:
   1. URIT-50 qurilmasi ulanganmi?
   2. COM4 port mavjudmi? (Device Manager)
   3. Port boshqa dastur tomonidan ishlatilmoqdami?
   4. Port nomi to'g'rimi? (Hozirgi: COM4)

⚠️ COM port ochilmadi yoki ma'lumot kelmadi. 5 soniyadan keyin qayta uriniladi...

============================================================
📡 Yangi tahlilni yuborish uchun URIT'da RS232 tugmasini bosing...
📷 Yoki avval barcode skanerlang (kod_yollanma yoki natija_kodi)
============================================================
⚠️ COM port (COM4) ochib bo'lmadi: could not open port 'COM4': PermissionError(13, 'Отказано в доступе.', None, 5)
   Tekshiring:
   1. URIT-50 qurilmasi ulanganmi?
   2. COM4 port mavjudmi? (Device Manager)
   3. Port boshqa dastur tomonidan ishlatilmoqdami?
   4. Port nomi to'g'rimi? (Hozirgi: COM4)

⚠️ COM port ochilmadi yoki ma'lumot kelmadi. 5 soniyadan keyin qayta uriniladi...

============================================================
📡 Yangi tahlilni yuborish uchun URIT'da RS232 tugmasini bosing...
📷 Yoki avval barcode skanerlang (kod_yollanma yoki natija_kodi)
============================================================
⚠️ COM port (COM4) ochib bo'lmadi: could not open port 'COM4': PermissionError(13, 'Отказано в доступе.', None, 5)
   Tekshiring:
   1. URIT-50 qurilmasi ulanganmi?
   2. COM4 port mavjudmi? (Device Manager)
   3. Port boshqa dastur tomonidan ishlatilmoqdami?
   4. Port nomi to'g'rimi? (Hozirgi: COM4)

⚠️ COM port ochilmadi yoki ma'lumot kelmadi. 5 soniyadan keyin qayta uriniladi...

============================================================
📡 Yangi tahlilni yuborish uchun URIT'da RS232 tugmasini bosing...
📷 Yoki avval barcode skanerlang (kod_yollanma yoki natija_kodi)
============================================================
⚠️ COM port (COM4) ochib bo'lmadi: could not open port 'COM4': PermissionError(13, 'Отказано в доступе.', None, 5)
   Tekshiring:
   1. URIT-50 qurilmasi ulanganmi?
   2. COM4 port mavjudmi? (Device Manager)
   3. Port boshqa dastur tomonidan ishlatilmoqdami?
   4. Port nomi to'g'rimi? (Hozirgi: COM4)

⚠️ COM port ochilmadi yoki ma'lumot kelmadi. 5 soniyadan keyin qayta uriniladi...

============================================================
📡 Yangi tahlilni yuborish uchun URIT'da RS232 tugmasini bosing...
📷 Yoki avval barcode skanerlang (kod_yollanma yoki natija_kodi)
============================================================
⚠️ COM port (COM4) ochib bo'lmadi: could not open port 'COM4': PermissionError(13, 'Отказано в доступе.', None, 5)
   Tekshiring:
   1. URIT-50 qurilmasi ulanganmi?
   2. COM4 port mavjudmi? (Device Manager)
   3. Port boshqa dastur tomonidan ishlatilmoqdami?
   4. Port nomi to'g'rimi? (Hozirgi: COM4)

⚠️ COM port ochilmadi yoki ma'lumot kelmadi. 5 soniyadan keyin qayta uriniladi...

============================================================
📡 Yangi tahlilni yuborish uchun URIT'da RS232 tugmasini bosing...
📷 Yoki avval barcode skanerlang (kod_yollanma yoki natija_kodi)
============================================================
⚠️ COM port (COM4) ochib bo'lmadi: could not open port 'COM4': PermissionError(13, 'Отказано в доступе.', None, 5)
   Tekshiring:
   1. URIT-50 qurilmasi ulanganmi?
   2. COM4 port mavjudmi? (Device Manager)
   3. Port boshqa dastur tomonidan ishlatilmoqdami?
   4. Port nomi to'g'rimi? (Hozirgi: COM4)

⚠️ COM port ochilmadi yoki ma'lumot kelmadi. 5 soniyadan keyin qayta uriniladi...

============================================================
📡 Yangi tahlilni yuborish uchun URIT'da RS232 tugmasini bosing...
📷 Yoki avval barcode skanerlang (kod_yollanma yoki natija_kodi)
============================================================
⚠️ COM port (COM4) ochib bo'lmadi: could not open port 'COM4': PermissionError(13, 'Отказано в доступе.', None, 5)
   Tekshiring:
   1. URIT-50 qurilmasi ulanganmi?
   2. COM4 port mavjudmi? (Device Manager)
   3. Port boshqa dastur tomonidan ishlatilmoqdami?
   4. Port nomi to'g'rimi? (Hozirgi: COM4)

⚠️ COM port ochilmadi yoki ma'lumot kelmadi. 5 soniyadan keyin qayta uriniladi...

============================================================
📡 Yangi tahlilni yuborish uchun URIT'da RS232 tugmasini bosing...
📷 Yoki avval barcode skanerlang (kod_yollanma yoki natija_kodi)
============================================================
⚠️ COM port (COM4) ochib bo'lmadi: could not open port 'COM4': PermissionError(13, 'Отказано в доступе.', None, 5)
   Tekshiring:
   1. URIT-50 qurilmasi ulanganmi?
   2. COM4 port mavjudmi? (Device Manager)
   3. Port boshqa dastur tomonidan ishlatilmoqdami?
   4. Port nomi to'g'rimi? (Hozirgi: COM4)

⚠️ COM port ochilmadi yoki ma'lumot kelmadi. 5 soniyadan keyin qayta uriniladi...

============================================================
📡 Yangi tahlilni yuborish uchun URIT'da RS232 tugmasini bosing...
📷 Yoki avval barcode skanerlang (kod_yollanma yoki natija_kodi)
============================================================
⚠️ COM port (COM4) ochib bo'lmadi: could not open port 'COM4': PermissionError(13, 'Отказано в доступе.', None, 5)
   Tekshiring:
   1. URIT-50 qurilmasi ulanganmi?
   2. COM4 port mavjudmi? (Device Manager)
   3. Port boshqa dastur tomonidan ishlatilmoqdami?
   4. Port nomi to'g'rimi? (Hozirgi: COM4)

⚠️ COM port ochilmadi yoki ma'lumot kelmadi. 5 soniyadan keyin qayta uriniladi...

============================================================
📡 Yangi tahlilni yuborish uchun URIT'da RS232 tugmasini bosing...
📷 Yoki avval barcode skanerlang (kod_yollanma yoki natija_kodi)
============================================================
⚠️ COM port (COM4) ochib bo'lmadi: could not open port 'COM4': PermissionError(13, 'Отказано в доступе.', None, 5)
   Tekshiring:
   1. URIT-50 qurilmasi ulanganmi?
   2. COM4 port mavjudmi? (Device Manager)
   3. Port boshqa dastur tomonidan ishlatilmoqdami?
   4. Port nomi to'g'rimi? (Hozirgi: COM4)

⚠️ COM port ochilmadi yoki ma'lumot kelmadi. 5 soniyadan keyin qayta uriniladi...

============================================================
📡 Yangi tahlilni yuborish uchun URIT'da RS232 tugmasini bosing...
📷 Yoki avval barcode skanerlang (kod_yollanma yoki natija_kodi)
============================================================
⚠️ COM port (COM4) ochib bo'lmadi: could not open port 'COM4': PermissionError(13, 'Отказано в доступе.', None, 5)
   Tekshiring:
   1. URIT-50 qurilmasi ulanganmi?
   2. COM4 port mavjudmi? (Device Manager)
   3. Port boshqa dastur tomonidan ishlatilmoqdami?
   4. Port nomi to'g'rimi? (Hozirgi: COM4)

⚠️ COM port ochilmadi yoki ma'lumot kelmadi. 5 soniyadan keyin qayta uriniladi...

============================================================
📡 Yangi tahlilni yuborish uchun URIT'da RS232 tugmasini bosing...
📷 Yoki avval barcode skanerlang (kod_yollanma yoki natija_kodi)
============================================================
⚠️ COM port (COM4) ochib bo'lmadi: could not open port 'COM4': PermissionError(13, 'Отказано в доступе.', None, 5)
   Tekshiring:
   1. URIT-50 qurilmasi ulanganmi?
   2. COM4 port mavjudmi? (Device Manager)
   3. Port boshqa dastur tomonidan ishlatilmoqdami?
   4. Port nomi to'g'rimi? (Hozirgi: COM4)

⚠️ COM port ochilmadi yoki ma'lumot kelmadi. 5 soniyadan keyin qayta uriniladi...

============================================================
📡 Yangi tahlilni yuborish uchun URIT'da RS232 tugmasini bosing...
📷 Yoki avval barcode skanerlang (kod_yollanma yoki natija_kodi)
============================================================
⚠️ COM port (COM4) ochib bo'lmadi: could not open port 'COM4': PermissionError(13, 'Отказано в доступе.', None, 5)
   Tekshiring:
   1. URIT-50 qurilmasi ulanganmi?
   2. COM4 port mavjudmi? (Device Manager)
   3. Port boshqa dastur tomonidan ishlatilmoqdami?
   4. Port nomi to'g'rimi? (Hozirgi: COM4)

⚠️ COM port ochilmadi yoki ma'lumot kelmadi. 5 soniyadan keyin qayta uriniladi...

============================================================
📡 Yangi tahlilni yuborish uchun URIT'da RS232 tugmasini bosing...
📷 Yoki avval barcode skanerlang (kod_yollanma yoki natija_kodi)
============================================================
⚠️ COM port (COM4) ochib bo'lmadi: could not open port 'COM4': PermissionError(13, 'Отказано в доступе.', None, 5)
   Tekshiring:
   1. URIT-50 qurilmasi ulanganmi?
   2. COM4 port mavjudmi? (Device Manager)
   3. Port boshqa dastur tomonidan ishlatilmoqdami?
   4. Port nomi to'g'rimi? (Hozirgi: COM4)

⚠️ COM port ochilmadi yoki ma'lumot kelmadi. 5 soniyadan keyin qayta uriniladi...

============================================================
📡 Yangi tahlilni yuborish uchun URIT'da RS232 tugmasini bosing...
📷 Yoki avval barcode skanerlang (kod_yollanma yoki natija_kodi)
============================================================
⚠️ COM port (COM4) ochib bo'lmadi: could not open port 'COM4': PermissionError(13, 'Отказано в доступе.', None, 5)
   Tekshiring:
   1. URIT-50 qurilmasi ulanganmi?
   2. COM4 port mavjudmi? (Device Manager)
   3. Port boshqa dastur tomonidan ishlatilmoqdami?
   4. Port nomi to'g'rimi? (Hozirgi: COM4)

⚠️ COM port ochilmadi yoki ma'lumot kelmadi. 5 soniyadan keyin qayta uriniladi...

============================================================
📡 Yangi tahlilni yuborish uchun URIT'da RS232 tugmasini bosing...
📷 Yoki avval barcode skanerlang (kod_yollanma yoki natija_kodi)
============================================================
⚠️ COM port (COM4) ochib bo'lmadi: could not open port 'COM4': PermissionError(13, 'Отказано в доступе.', None, 5)
   Tekshiring:
   1. URIT-50 qurilmasi ulanganmi?
   2. COM4 port mavjudmi? (Device Manager)
   3. Port boshqa dastur tomonidan ishlatilmoqdami?
   4. Port nomi to'g'rimi? (Hozirgi: COM4)

⚠️ COM port ochilmadi yoki ma'lumot kelmadi. 5 soniyadan keyin qayta uriniladi...

============================================================
📡 Yangi tahlilni yuborish uchun URIT'da RS232 tugmasini bosing...
📷 Yoki avval barcode skanerlang (kod_yollanma yoki natija_kodi)
============================================================
⚠️ COM port (COM4) ochib bo'lmadi: could not open port 'COM4': PermissionError(13, 'Отказано в доступе.', None, 5)
   Tekshiring:
   1. URIT-50 qurilmasi ulanganmi?
   2. COM4 port mavjudmi? (Device Manager)
   3. Port boshqa dastur tomonidan ishlatilmoqdami?
   4. Port nomi to'g'rimi? (Hozirgi: COM4)

⚠️ COM port ochilmadi yoki ma'lumot kelmadi. 5 soniyadan keyin qayta uriniladi...

============================================================
📡 Yangi tahlilni yuborish uchun URIT'da RS232 tugmasini bosing...
📷 Yoki avval barcode skanerlang (kod_yollanma yoki natija_kodi)
============================================================
⚠️ COM port (COM4) ochib bo'lmadi: could not open port 'COM4': PermissionError(13, 'Отказано в доступе.', None, 5)
   Tekshiring:
   1. URIT-50 qurilmasi ulanganmi?
   2. COM4 port mavjudmi? (Device Manager)
   3. Port boshqa dastur tomonidan ishlatilmoqdami?
   4. Port nomi to'g'rimi? (Hozirgi: COM4)

⚠️ COM port ochilmadi yoki ma'lumot kelmadi. 5 soniyadan keyin qayta uriniladi...

============================================================
📡 Yangi tahlilni yuborish uchun URIT'da RS232 tugmasini bosing...
📷 Yoki avval barcode skanerlang (kod_yollanma yoki natija_kodi)
============================================================
⚠️ COM port (COM4) ochib bo'lmadi: could not open port 'COM4': PermissionError(13, 'Отказано в доступе.', None, 5)
   Tekshiring:
   1. URIT-50 qurilmasi ulanganmi?
   2. COM4 port mavjudmi? (Device Manager)
   3. Port boshqa dastur tomonidan ishlatilmoqdami?
   4. Port nomi to'g'rimi? (Hozirgi: COM4)

⚠️ COM port ochilmadi yoki ma'lumot kelmadi. 5 soniyadan keyin qayta uriniladi...

============================================================
📡 Yangi tahlilni yuborish uchun URIT'da RS232 tugmasini bosing...
📷 Yoki avval barcode skanerlang (kod_yollanma yoki natija_kodi)
============================================================
⚠️ COM port (COM4) ochib bo'lmadi: could not open port 'COM4': PermissionError(13, 'Отказано в доступе.', None, 5)
   Tekshiring:
   1. URIT-50 qurilmasi ulanganmi?
   2. COM4 port mavjudmi? (Device Manager)
   3. Port boshqa dastur tomonidan ishlatilmoqdami?
   4. Port nomi to'g'rimi? (Hozirgi: COM4)

⚠️ COM port ochilmadi yoki ma'lumot kelmadi. 5 soniyadan keyin qayta uriniladi...

============================================================
📡 Yangi tahlilni yuborish uchun URIT'da RS232 tugmasini bosing...
📷 Yoki avval barcode skanerlang (kod_yollanma yoki natija_kodi)
============================================================
⚠️ COM port (COM4) ochib bo'lmadi: could not open port 'COM4': PermissionError(13, 'Отказано в доступе.', None, 5)
   Tekshiring:
   1. URIT-50 qurilmasi ulanganmi?
   2. COM4 port mavjudmi? (Device Manager)
   3. Port boshqa dastur tomonidan ishlatilmoqdami?
   4. Port nomi to'g'rimi? (Hozirgi: COM4)

⚠️ COM port ochilmadi yoki ma'lumot kelmadi. 5 soniyadan keyin qayta uriniladi...

============================================================
📡 Yangi tahlilni yuborish uchun URIT'da RS232 tugmasini bosing...
📷 Yoki avval barcode skanerlang (kod_yollanma yoki natija_kodi)
============================================================
⚠️ COM port (COM4) ochib bo'lmadi: could not open port 'COM4': PermissionError(13, 'Отказано в доступе.', None, 5)
   Tekshiring:
   1. URIT-50 qurilmasi ulanganmi?
   2. COM4 port mavjudmi? (Device Manager)
   3. Port boshqa dastur tomonidan ishlatilmoqdami?
   4. Port nomi to'g'rimi? (Hozirgi: COM4)

⚠️ COM port ochilmadi yoki ma'lumot kelmadi. 5 soniyadan keyin qayta uriniladi...

============================================================
📡 Yangi tahlilni yuborish uchun URIT'da RS232 tugmasini bosing...
📷 Yoki avval barcode skanerlang (kod_yollanma yoki natija_kodi)
============================================================
⚠️ COM port (COM4) ochib bo'lmadi: could not open port 'COM4': PermissionError(13, 'Отказано в доступе.', None, 5)
   Tekshiring:
   1. URIT-50 qurilmasi ulanganmi?
   2. COM4 port mavjudmi? (Device Manager)
   3. Port boshqa dastur tomonidan ishlatilmoqdami?
   4. Port nomi to'g'rimi? (Hozirgi: COM4)

⚠️ COM port ochilmadi yoki ma'lumot kelmadi. 5 soniyadan keyin qayta uriniladi...

============================================================
📡 Yangi tahlilni yuborish uchun URIT'da RS232 tugmasini bosing...
📷 Yoki avval barcode skanerlang (kod_yollanma yoki natija_kodi)
============================================================
⚠️ COM port (COM4) ochib bo'lmadi: could not open port 'COM4': PermissionError(13, 'Отказано в доступе.', None, 5)
   Tekshiring:
   1. URIT-50 qurilmasi ulanganmi?
   2. COM4 port mavjudmi? (Device Manager)
   3. Port boshqa dastur tomonidan ishlatilmoqdami?
   4. Port nomi to'g'rimi? (Hozirgi: COM4)

⚠️ COM port ochilmadi yoki ma'lumot kelmadi. 5 soniyadan keyin qayta uriniladi...

============================================================
📡 Yangi tahlilni yuborish uchun URIT'da RS232 tugmasini bosing...
📷 Yoki avval barcode skanerlang (kod_yollanma yoki natija_kodi)
============================================================
⚠️ COM port (COM4) ochib bo'lmadi: could not open port 'COM4': PermissionError(13, 'Отказано в доступе.', None, 5)
   Tekshiring:
   1. URIT-50 qurilmasi ulanganmi?
   2. COM4 port mavjudmi? (Device Manager)
   3. Port boshqa dastur tomonidan ishlatilmoqdami?
   4. Port nomi to'g'rimi? (Hozirgi: COM4)

⚠️ COM port ochilmadi yoki ma'lumot kelmadi. 5 soniyadan keyin qayta uriniladi...

============================================================
📡 Yangi tahlilni yuborish uchun URIT'da RS232 tugmasini bosing...
📷 Yoki avval barcode skanerlang (kod_yollanma yoki natija_kodi)
============================================================
⚠️ COM port (COM4) ochib bo'lmadi: could not open port 'COM4': PermissionError(13, 'Отказано в доступе.', None, 5)
   Tekshiring:
   1. URIT-50 qurilmasi ulanganmi?
   2. COM4 port mavjudmi? (Device Manager)
   3. Port boshqa dastur tomonidan ishlatilmoqdami?
   4. Port nomi to'g'rimi? (Hozirgi: COM4)

⚠️ COM port ochilmadi yoki ma'lumot kelmadi. 5 soniyadan keyin qayta uriniladi...

============================================================
📡 Yangi tahlilni yuborish uchun URIT'da RS232 tugmasini bosing...
📷 Yoki avval barcode skanerlang (kod_yollanma yoki natija_kodi)
============================================================
⚠️ COM port (COM4) ochib bo'lmadi: could not open port 'COM4': PermissionError(13, 'Отказано в доступе.', None, 5)
   Tekshiring:
   1. URIT-50 qurilmasi ulanganmi?
   2. COM4 port mavjudmi? (Device Manager)
   3. Port boshqa dastur tomonidan ishlatilmoqdami?
   4. Port nomi to'g'rimi? (Hozirgi: COM4)

⚠️ COM port ochilmadi yoki ma'lumot kelmadi. 5 soniyadan keyin qayta uriniladi...

============================================================
📡 Yangi tahlilni yuborish uchun URIT'da RS232 tugmasini bosing...
📷 Yoki avval barcode skanerlang (kod_yollanma yoki natija_kodi)
============================================================
⚠️ COM port (COM4) ochib bo'lmadi: could not open port 'COM4': PermissionError(13, 'Отказано в доступе.', None, 5)
   Tekshiring:
   1. URIT-50 qurilmasi ulanganmi?
   2. COM4 port mavjudmi? (Device Manager)
   3. Port boshqa dastur tomonidan ishlatilmoqdami?
   4. Port nomi to'g'rimi? (Hozirgi: COM4)

⚠️ COM port ochilmadi yoki ma'lumot kelmadi. 5 soniyadan keyin qayta uriniladi...

============================================================
📡 Yangi tahlilni yuborish uchun URIT'da RS232 tugmasini bosing...
📷 Yoki avval barcode skanerlang (kod_yollanma yoki natija_kodi)
============================================================
⚠️ COM port (COM4) ochib bo'lmadi: could not open port 'COM4': PermissionError(13, 'Отказано в доступе.', None, 5)
   Tekshiring:
   1. URIT-50 qurilmasi ulanganmi?
   2. COM4 port mavjudmi? (Device Manager)
   3. Port boshqa dastur tomonidan ishlatilmoqdami?
   4. Port nomi to'g'rimi? (Hozirgi: COM4)

⚠️ COM port ochilmadi yoki ma'lumot kelmadi. 5 soniyadan keyin qayta uriniladi...

============================================================
📡 Yangi tahlilni yuborish uchun URIT'da RS232 tugmasini bosing...
📷 Yoki avval barcode skanerlang (kod_yollanma yoki natija_kodi)
============================================================
⚠️ COM port (COM4) ochib bo'lmadi: could not open port 'COM4': PermissionError(13, 'Отказано в доступе.', None, 5)
   Tekshiring:
   1. URIT-50 qurilmasi ulanganmi?
   2. COM4 port mavjudmi? (Device Manager)
   3. Port boshqa dastur tomonidan ishlatilmoqdami?
   4. Port nomi to'g'rimi? (Hozirgi: COM4)

⚠️ COM port ochilmadi yoki ma'lumot kelmadi. 5 soniyadan keyin qayta uriniladi...

============================================================
📡 Yangi tahlilni yuborish uchun URIT'da RS232 tugmasini bosing...
📷 Yoki avval barcode skanerlang (kod_yollanma yoki natija_kodi)
============================================================
⚠️ COM port (COM4) ochib bo'lmadi: could not open port 'COM4': PermissionError(13, 'Отказано в доступе.', None, 5)
   Tekshiring:
   1. URIT-50 qurilmasi ulanganmi?
   2. COM4 port mavjudmi? (Device Manager)
   3. Port boshqa dastur tomonidan ishlatilmoqdami?
   4. Port nomi to'g'rimi? (Hozirgi: COM4)

⚠️ COM port ochilmadi yoki ma'lumot kelmadi. 5 soniyadan keyin qayta uriniladi...

============================================================
📡 Yangi tahlilni yuborish uchun URIT'da RS232 tugmasini bosing...
📷 Yoki avval barcode skanerlang (kod_yollanma yoki natija_kodi)
============================================================
⚠️ COM port (COM4) ochib bo'lmadi: could not open port 'COM4': PermissionError(13, 'Отказано в доступе.', None, 5)
   Tekshiring:
   1. URIT-50 qurilmasi ulanganmi?
   2. COM4 port mavjudmi? (Device Manager)
   3. Port boshqa dastur tomonidan ishlatilmoqdami?
   4. Port nomi to'g'rimi? (Hozirgi: COM4)

⚠️ COM port ochilmadi yoki ma'lumot kelmadi. 5 soniyadan keyin qayta uriniladi...

============================================================
📡 Yangi tahlilni yuborish uchun URIT'da RS232 tugmasini bosing...
📷 Yoki avval barcode skanerlang (kod_yollanma yoki natija_kodi)
============================================================
⚠️ COM port (COM4) ochib bo'lmadi: could not open port 'COM4': PermissionError(13, 'Отказано в доступе.', None, 5)
   Tekshiring:
   1. URIT-50 qurilmasi ulanganmi?
   2. COM4 port mavjudmi? (Device Manager)
   3. Port boshqa dastur tomonidan ishlatilmoqdami?
   4. Port nomi to'g'rimi? (Hozirgi: COM4)

⚠️ COM port ochilmadi yoki ma'lumot kelmadi. 5 soniyadan keyin qayta uriniladi...

============================================================
📡 Yangi tahlilni yuborish uchun URIT'da RS232 tugmasini bosing...
📷 Yoki avval barcode skanerlang (kod_yollanma yoki natija_kodi)
============================================================
⚠️ COM port (COM4) ochib bo'lmadi: could not open port 'COM4': PermissionError(13, 'Отказано в доступе.', None, 5)
   Tekshiring:
   1. URIT-50 qurilmasi ulanganmi?
   2. COM4 port mavjudmi? (Device Manager)
   3. Port boshqa dastur tomonidan ishlatilmoqdami?
   4. Port nomi to'g'rimi? (Hozirgi: COM4)

⚠️ COM port ochilmadi yoki ma'lumot kelmadi. 5 soniyadan keyin qayta uriniladi...

============================================================
📡 Yangi tahlilni yuborish uchun URIT'da RS232 tugmasini bosing...
📷 Yoki avval barcode skanerlang (kod_yollanma yoki natija_kodi)
============================================================
⚠️ COM port (COM4) ochib bo'lmadi: could not open port 'COM4': PermissionError(13, 'Отказано в доступе.', None, 5)
   Tekshiring:
   1. URIT-50 qurilmasi ulanganmi?
   2. COM4 port mavjudmi? (Device Manager)
   3. Port boshqa dastur tomonidan ishlatilmoqdami?
   4. Port nomi to'g'rimi? (Hozirgi: COM4)

⚠️ COM port ochilmadi yoki ma'lumot kelmadi. 5 soniyadan keyin qayta uriniladi...

============================================================
📡 Yangi tahlilni yuborish uchun URIT'da RS232 tugmasini bosing...
📷 Yoki avval barcode skanerlang (kod_yollanma yoki natija_kodi)
============================================================
⚠️ COM port (COM4) ochib bo'lmadi: could not open port 'COM4': PermissionError(13, 'Отказано в доступе.', None, 5)
   Tekshiring:
   1. URIT-50 qurilmasi ulanganmi?
   2. COM4 port mavjudmi? (Device Manager)
   3. Port boshqa dastur tomonidan ishlatilmoqdami?
   4. Port nomi to'g'rimi? (Hozirgi: COM4)

⚠️ COM port ochilmadi yoki ma'lumot kelmadi. 5 soniyadan keyin qayta uriniladi...

============================================================
📡 Yangi tahlilni yuborish uchun URIT'da RS232 tugmasini bosing...
📷 Yoki avval barcode skanerlang (kod_yollanma yoki natija_kodi)
============================================================
⚠️ COM port (COM4) ochib bo'lmadi: could not open port 'COM4': PermissionError(13, 'Отказано в доступе.', None, 5)
   Tekshiring:
   1. URIT-50 qurilmasi ulanganmi?
   2. COM4 port mavjudmi? (Device Manager)
   3. Port boshqa dastur tomonidan ishlatilmoqdami?
   4. Port nomi to'g'rimi? (Hozirgi: COM4)

⚠️ COM port ochilmadi yoki ma'lumot kelmadi. 5 soniyadan keyin qayta uriniladi...

============================================================
📡 Yangi tahlilni yuborish uchun URIT'da RS232 tugmasini bosing...
📷 Yoki avval barcode skanerlang (kod_yollanma yoki natija_kodi)
============================================================
⚠️ COM port (COM4) ochib bo'lmadi: could not open port 'COM4': PermissionError(13, 'Отказано в доступе.', None, 5)
   Tekshiring:
   1. URIT-50 qurilmasi ulanganmi?
   2. COM4 port mavjudmi? (Device Manager)
   3. Port boshqa dastur tomonidan ishlatilmoqdami?
   4. Port nomi to'g'rimi? (Hozirgi: COM4)

⚠️ COM port ochilmadi yoki ma'lumot kelmadi. 5 soniyadan keyin qayta uriniladi...

============================================================
📡 Yangi tahlilni yuborish uchun URIT'da RS232 tugmasini bosing...
📷 Yoki avval barcode skanerlang (kod_yollanma yoki natija_kodi)
============================================================
⚠️ COM port (COM4) ochib bo'lmadi: could not open port 'COM4': PermissionError(13, 'Отказано в доступе.', None, 5)
   Tekshiring:
   1. URIT-50 qurilmasi ulanganmi?
   2. COM4 port mavjudmi? (Device Manager)
   3. Port boshqa dastur tomonidan ishlatilmoqdami?
   4. Port nomi to'g'rimi? (Hozirgi: COM4)

⚠️ COM port ochilmadi yoki ma'lumot kelmadi. 5 soniyadan keyin qayta uriniladi...

============================================================
📡 Yangi tahlilni yuborish uchun URIT'da RS232 tugmasini bosing...
📷 Yoki avval barcode skanerlang (kod_yollanma yoki natija_kodi)
============================================================
⚠️ COM port (COM4) ochib bo'lmadi: could not open port 'COM4': PermissionError(13, 'Отказано в доступе.', None, 5)
   Tekshiring:
   1. URIT-50 qurilmasi ulanganmi?
   2. COM4 port mavjudmi? (Device Manager)
   3. Port boshqa dastur tomonidan ishlatilmoqdami?
   4. Port nomi to'g'rimi? (Hozirgi: COM4)

⚠️ COM port ochilmadi yoki ma'lumot kelmadi. 5 soniyadan keyin qayta uriniladi...

============================================================
📡 Yangi tahlilni yuborish uchun URIT'da RS232 tugmasini bosing...
📷 Yoki avval barcode skanerlang (kod_yollanma yoki natija_kodi)
============================================================
⚠️ COM port (COM4) ochib bo'lmadi: could not open port 'COM4': PermissionError(13, 'Отказано в доступе.', None, 5)
   Tekshiring:
   1. URIT-50 qurilmasi ulanganmi?
   2. COM4 port mavjudmi? (Device Manager)
   3. Port boshqa dastur tomonidan ishlatilmoqdami?
   4. Port nomi to'g'rimi? (Hozirgi: COM4)

⚠️ COM port ochilmadi yoki ma'lumot kelmadi. 5 soniyadan keyin qayta uriniladi...

============================================================
📡 Yangi tahlilni yuborish uchun URIT'da RS232 tugmasini bosing...
📷 Yoki avval barcode skanerlang (kod_yollanma yoki natija_kodi)
============================================================
⚠️ COM port (COM4) ochib bo'lmadi: could not open port 'COM4': PermissionError(13, 'Отказано в доступе.', None, 5)
   Tekshiring:
   1. URIT-50 qurilmasi ulanganmi?
   2. COM4 port mavjudmi? (Device Manager)
   3. Port boshqa dastur tomonidan ishlatilmoqdami?
   4. Port nomi to'g'rimi? (Hozirgi: COM4)

⚠️ COM port ochilmadi yoki ma'lumot kelmadi. 5 soniyadan keyin qayta uriniladi...

============================================================
📡 Yangi tahlilni yuborish uchun URIT'da RS232 tugmasini bosing...
📷 Yoki avval barcode skanerlang (kod_yollanma yoki natija_kodi)
============================================================
⚠️ COM port (COM4) ochib bo'lmadi: could not open port 'COM4': PermissionError(13, 'Отказано в доступе.', None, 5)
   Tekshiring:
   1. URIT-50 qurilmasi ulanganmi?
   2. COM4 port mavjudmi? (Device Manager)
   3. Port boshqa dastur tomonidan ishlatilmoqdami?
   4. Port nomi to'g'rimi? (Hozirgi: COM4)

⚠️ COM port ochilmadi yoki ma'lumot kelmadi. 5 soniyadan keyin qayta uriniladi...

============================================================
📡 Yangi tahlilni yuborish uchun URIT'da RS232 tugmasini bosing...
📷 Yoki avval barcode skanerlang (kod_yollanma yoki natija_kodi)
============================================================
⚠️ COM port (COM4) ochib bo'lmadi: could not open port 'COM4': PermissionError(13, 'Отказано в доступе.', None, 5)
   Tekshiring:
   1. URIT-50 qurilmasi ulanganmi?
   2. COM4 port mavjudmi? (Device Manager)
   3. Port boshqa dastur tomonidan ishlatilmoqdami?
   4. Port nomi to'g'rimi? (Hozirgi: COM4)

⚠️ COM port ochilmadi yoki ma'lumot kelmadi. 5 soniyadan keyin qayta uriniladi...

============================================================
📡 Yangi tahlilni yuborish uchun URIT'da RS232 tugmasini bosing...
📷 Yoki avval barcode skanerlang (kod_yollanma yoki natija_kodi)
============================================================
⚠️ COM port (COM4) ochib bo'lmadi: could not open port 'COM4': PermissionError(13, 'Отказано в доступе.', None, 5)
   Tekshiring:
   1. URIT-50 qurilmasi ulanganmi?
   2. COM4 port mavjudmi? (Device Manager)
   3. Port boshqa dastur tomonidan ishlatilmoqdami?
   4. Port nomi to'g'rimi? (Hozirgi: COM4)

⚠️ COM port ochilmadi yoki ma'lumot kelmadi. 5 soniyadan keyin qayta uriniladi...

============================================================
📡 Yangi tahlilni yuborish uchun URIT'da RS232 tugmasini bosing...
📷 Yoki avval barcode skanerlang (kod_yollanma yoki natija_kodi)
============================================================
⚠️ COM port (COM4) ochib bo'lmadi: could not open port 'COM4': PermissionError(13, 'Отказано в доступе.', None, 5)
   Tekshiring:
   1. URIT-50 qurilmasi ulanganmi?
   2. COM4 port mavjudmi? (Device Manager)
   3. Port boshqa dastur tomonidan ishlatilmoqdami?
   4. Port nomi to'g'rimi? (Hozirgi: COM4)

⚠️ COM port ochilmadi yoki ma'lumot kelmadi. 5 soniyadan keyin qayta uriniladi...

============================================================
📡 Yangi tahlilni yuborish uchun URIT'da RS232 tugmasini bosing...
📷 Yoki avval barcode skanerlang (kod_yollanma yoki natija_kodi)
============================================================
⚠️ COM port (COM4) ochib bo'lmadi: could not open port 'COM4': PermissionError(13, 'Отказано в доступе.', None, 5)
   Tekshiring:
   1. URIT-50 qurilmasi ulanganmi?
   2. COM4 port mavjudmi? (Device Manager)
   3. Port boshqa dastur tomonidan ishlatilmoqdami?
   4. Port nomi to'g'rimi? (Hozirgi: COM4)

⚠️ COM port ochilmadi yoki ma'lumot kelmadi. 5 soniyadan keyin qayta uriniladi...

============================================================
📡 Yangi tahlilni yuborish uchun URIT'da RS232 tugmasini bosing...
📷 Yoki avval barcode skanerlang (kod_yollanma yoki natija_kodi)
============================================================
⚠️ COM port (COM4) ochib bo'lmadi: could not open port 'COM4': PermissionError(13, 'Отказано в доступе.', None, 5)
   Tekshiring:
   1. URIT-50 qurilmasi ulanganmi?
   2. COM4 port mavjudmi? (Device Manager)
   3. Port boshqa dastur tomonidan ishlatilmoqdami?
   4. Port nomi to'g'rimi? (Hozirgi: COM4)

⚠️ COM port ochilmadi yoki ma'lumot kelmadi. 5 soniyadan keyin qayta uriniladi...

============================================================
📡 Yangi tahlilni yuborish uchun URIT'da RS232 tugmasini bosing...
📷 Yoki avval barcode skanerlang (kod_yollanma yoki natija_kodi)
============================================================
⚠️ COM port (COM4) ochib bo'lmadi: could not open port 'COM4': PermissionError(13, 'Отказано в доступе.', None, 5)
   Tekshiring:
   1. URIT-50 qurilmasi ulanganmi?
   2. COM4 port mavjudmi? (Device Manager)
   3. Port boshqa dastur tomonidan ishlatilmoqdami?
   4. Port nomi to'g'rimi? (Hozirgi: COM4)

⚠️ COM port ochilmadi yoki ma'lumot kelmadi. 5 soniyadan keyin qayta uriniladi...

============================================================
📡 Yangi tahlilni yuborish uchun URIT'da RS232 tugmasini bosing...
📷 Yoki avval barcode skanerlang (kod_yollanma yoki natija_kodi)
============================================================
⚠️ COM port (COM4) ochib bo'lmadi: could not open port 'COM4': PermissionError(13, 'Отказано в доступе.', None, 5)
   Tekshiring:
   1. URIT-50 qurilmasi ulanganmi?
   2. COM4 port mavjudmi? (Device Manager)
   3. Port boshqa dastur tomonidan ishlatilmoqdami?
   4. Port nomi to'g'rimi? (Hozirgi: COM4)

⚠️ COM port ochilmadi yoki ma'lumot kelmadi. 5 soniyadan keyin qayta uriniladi...

============================================================
📡 Yangi tahlilni yuborish uchun URIT'da RS232 tugmasini bosing...
📷 Yoki avval barcode skanerlang (kod_yollanma yoki natija_kodi)
============================================================
⚠️ COM port (COM4) ochib bo'lmadi: could not open port 'COM4': PermissionError(13, 'Отказано в доступе.', None, 5)
   Tekshiring:
   1. URIT-50 qurilmasi ulanganmi?
   2. COM4 port mavjudmi? (Device Manager)
   3. Port boshqa dastur tomonidan ishlatilmoqdami?
   4. Port nomi to'g'rimi? (Hozirgi: COM4)

⚠️ COM port ochilmadi yoki ma'lumot kelmadi. 5 soniyadan keyin qayta uriniladi...

============================================================
📡 Yangi tahlilni yuborish uchun URIT'da RS232 tugmasini bosing...
📷 Yoki avval barcode skanerlang (kod_yollanma yoki natija_kodi)
============================================================
⚠️ COM port (COM4) ochib bo'lmadi: could not open port 'COM4': PermissionError(13, 'Отказано в доступе.', None, 5)
   Tekshiring:
   1. URIT-50 qurilmasi ulanganmi?
   2. COM4 port mavjudmi? (Device Manager)
   3. Port boshqa dastur tomonidan ishlatilmoqdami?
   4. Port nomi to'g'rimi? (Hozirgi: COM4)

⚠️ COM port ochilmadi yoki ma'lumot kelmadi. 5 soniyadan keyin qayta uriniladi...

============================================================
📡 Yangi tahlilni yuborish uchun URIT'da RS232 tugmasini bosing...
📷 Yoki avval barcode skanerlang (kod_yollanma yoki natija_kodi)
============================================================
⚠️ COM port (COM4) ochib bo'lmadi: could not open port 'COM4': PermissionError(13, 'Отказано в доступе.', None, 5)
   Tekshiring:
   1. URIT-50 qurilmasi ulanganmi?
   2. COM4 port mavjudmi? (Device Manager)
   3. Port boshqa dastur tomonidan ishlatilmoqdami?
   4. Port nomi to'g'rimi? (Hozirgi: COM4)

⚠️ COM port ochilmadi yoki ma'lumot kelmadi. 5 soniyadan keyin qayta uriniladi...

============================================================
📡 Yangi tahlilni yuborish uchun URIT'da RS232 tugmasini bosing...
📷 Yoki avval barcode skanerlang (kod_yollanma yoki natija_kodi)
============================================================
⚠️ COM port (COM4) ochib bo'lmadi: could not open port 'COM4': PermissionError(13, 'Отказано в доступе.', None, 5)
   Tekshiring:
   1. URIT-50 qurilmasi ulanganmi?
   2. COM4 port mavjudmi? (Device Manager)
   3. Port boshqa dastur tomonidan ishlatilmoqdami?
   4. Port nomi to'g'rimi? (Hozirgi: COM4)

⚠️ COM port ochilmadi yoki ma'lumot kelmadi. 5 soniyadan keyin qayta uriniladi...

============================================================
📡 Yangi tahlilni yuborish uchun URIT'da RS232 tugmasini bosing...
📷 Yoki avval barcode skanerlang (kod_yollanma yoki natija_kodi)
============================================================
⚠️ COM port (COM4) ochib bo'lmadi: could not open port 'COM4': PermissionError(13, 'Отказано в доступе.', None, 5)
   Tekshiring:
   1. URIT-50 qurilmasi ulanganmi?
   2. COM4 port mavjudmi? (Device Manager)
   3. Port boshqa dastur tomonidan ishlatilmoqdami?
   4. Port nomi to'g'rimi? (Hozirgi: COM4)

⚠️ COM port ochilmadi yoki ma'lumot kelmadi. 5 soniyadan keyin qayta uriniladi...

============================================================
📡 Yangi tahlilni yuborish uchun URIT'da RS232 tugmasini bosing...
📷 Yoki avval barcode skanerlang (kod_yollanma yoki natija_kodi)
============================================================
⚠️ COM port (COM4) ochib bo'lmadi: could not open port 'COM4': PermissionError(13, 'Отказано в доступе.', None, 5)
   Tekshiring:
   1. URIT-50 qurilmasi ulanganmi?
   2. COM4 port mavjudmi? (Device Manager)
   3. Port boshqa dastur tomonidan ishlatilmoqdami?
   4. Port nomi to'g'rimi? (Hozirgi: COM4)

⚠️ COM port ochilmadi yoki ma'lumot kelmadi. 5 soniyadan keyin qayta uriniladi...

============================================================
📡 Yangi tahlilni yuborish uchun URIT'da RS232 tugmasini bosing...
📷 Yoki avval barcode skanerlang (kod_yollanma yoki natija_kodi)
============================================================
⚠️ COM port (COM4) ochib bo'lmadi: could not open port 'COM4': PermissionError(13, 'Отказано в доступе.', None, 5)
   Tekshiring:
   1. URIT-50 qurilmasi ulanganmi?
   2. COM4 port mavjudmi? (Device Manager)
   3. Port boshqa dastur tomonidan ishlatilmoqdami?
   4. Port nomi to'g'rimi? (Hozirgi: COM4)

⚠️ COM port ochilmadi yoki ma'lumot kelmadi. 5 soniyadan keyin qayta uriniladi...

============================================================
📡 Yangi tahlilni yuborish uchun URIT'da RS232 tugmasini bosing...
📷 Yoki avval barcode skanerlang (kod_yollanma yoki natija_kodi)
============================================================
⚠️ COM port (COM4) ochib bo'lmadi: could not open port 'COM4': PermissionError(13, 'Отказано в доступе.', None, 5)
   Tekshiring:
   1. URIT-50 qurilmasi ulanganmi?
   2. COM4 port mavjudmi? (Device Manager)
   3. Port boshqa dastur tomonidan ishlatilmoqdami?
   4. Port nomi to'g'rimi? (Hozirgi: COM4)

⚠️ COM port ochilmadi yoki ma'lumot kelmadi. 5 soniyadan keyin qayta uriniladi...

============================================================
📡 Yangi tahlilni yuborish uchun URIT'da RS232 tugmasini bosing...
📷 Yoki avval barcode skanerlang (kod_yollanma yoki natija_kodi)
============================================================
⚠️ COM port (COM4) ochib bo'lmadi: could not open port 'COM4': PermissionError(13, 'Отказано в доступе.', None, 5)
   Tekshiring:
   1. URIT-50 qurilmasi ulanganmi?
   2. COM4 port mavjudmi? (Device Manager)
   3. Port boshqa dastur tomonidan ishlatilmoqdami?
   4. Port nomi to'g'rimi? (Hozirgi: COM4)

⚠️ COM port ochilmadi yoki ma'lumot kelmadi. 5 soniyadan keyin qayta uriniladi...

============================================================
📡 Yangi tahlilni yuborish uchun URIT'da RS232 tugmasini bosing...
📷 Yoki avval barcode skanerlang (kod_yollanma yoki natija_kodi)
============================================================
⚠️ COM port (COM4) ochib bo'lmadi: could not open port 'COM4': PermissionError(13, 'Отказано в доступе.', None, 5)
   Tekshiring:
   1. URIT-50 qurilmasi ulanganmi?
   2. COM4 port mavjudmi? (Device Manager)
   3. Port boshqa dastur tomonidan ishlatilmoqdami?
   4. Port nomi to'g'rimi? (Hozirgi: COM4)

⚠️ COM port ochilmadi yoki ma'lumot kelmadi. 5 soniyadan keyin qayta uriniladi...

============================================================
📡 Yangi tahlilni yuborish uchun URIT'da RS232 tugmasini bosing...
📷 Yoki avval barcode skanerlang (kod_yollanma yoki natija_kodi)
============================================================
⚠️ COM port (COM4) ochib bo'lmadi: could not open port 'COM4': PermissionError(13, 'Отказано в доступе.', None, 5)
   Tekshiring:
   1. URIT-50 qurilmasi ulanganmi?
   2. COM4 port mavjudmi? (Device Manager)
   3. Port boshqa dastur tomonidan ishlatilmoqdami?
   4. Port nomi to'g'rimi? (Hozirgi: COM4)

⚠️ COM port ochilmadi yoki ma'lumot kelmadi. 5 soniyadan keyin qayta uriniladi...

============================================================
📡 Yangi tahlilni yuborish uchun URIT'da RS232 tugmasini bosing...
📷 Yoki avval barcode skanerlang (kod_yollanma yoki natija_kodi)
============================================================
⚠️ COM port (COM4) ochib bo'lmadi: could not open port 'COM4': PermissionError(13, 'Отказано в доступе.', None, 5)
   Tekshiring:
   1. URIT-50 qurilmasi ulanganmi?
   2. COM4 port mavjudmi? (Device Manager)
   3. Port boshqa dastur tomonidan ishlatilmoqdami?
   4. Port nomi to'g'rimi? (Hozirgi: COM4)

⚠️ COM port ochilmadi yoki ma'lumot kelmadi. 5 soniyadan keyin qayta uriniladi...

============================================================
📡 Yangi tahlilni yuborish uchun URIT'da RS232 tugmasini bosing...
📷 Yoki avval barcode skanerlang (kod_yollanma yoki natija_kodi)
============================================================
⚠️ COM port (COM4) ochib bo'lmadi: could not open port 'COM4': PermissionError(13, 'Отказано в доступе.', None, 5)
   Tekshiring:
   1. URIT-50 qurilmasi ulanganmi?
   2. COM4 port mavjudmi? (Device Manager)
   3. Port boshqa dastur tomonidan ishlatilmoqdami?
   4. Port nomi to'g'rimi? (Hozirgi: COM4)

⚠️ COM port ochilmadi yoki ma'lumot kelmadi. 5 soniyadan keyin qayta uriniladi...

============================================================
📡 Yangi tahlilni yuborish uchun URIT'da RS232 tugmasini bosing...
📷 Yoki avval barcode skanerlang (kod_yollanma yoki natija_kodi)
============================================================
⚠️ COM port (COM4) ochib bo'lmadi: could not open port 'COM4': PermissionError(13, 'Отказано в доступе.', None, 5)
   Tekshiring:
   1. URIT-50 qurilmasi ulanganmi?
   2. COM4 port mavjudmi? (Device Manager)
   3. Port boshqa dastur tomonidan ishlatilmoqdami?
   4. Port nomi to'g'rimi? (Hozirgi: COM4)

⚠️ COM port ochilmadi yoki ma'lumot kelmadi. 5 soniyadan keyin qayta uriniladi...

============================================================
📡 Yangi tahlilni yuborish uchun URIT'da RS232 tugmasini bosing...
📷 Yoki avval barcode skanerlang (kod_yollanma yoki natija_kodi)
============================================================
⚠️ COM port (COM4) ochib bo'lmadi: could not open port 'COM4': PermissionError(13, 'Отказано в доступе.', None, 5)
   Tekshiring:
   1. URIT-50 qurilmasi ulanganmi?
   2. COM4 port mavjudmi? (Device Manager)
   3. Port boshqa dastur tomonidan ishlatilmoqdami?
   4. Port nomi to'g'rimi? (Hozirgi: COM4)

⚠️ COM port ochilmadi yoki ma'lumot kelmadi. 5 soniyadan keyin qayta uriniladi...

============================================================
📡 Yangi tahlilni yuborish uchun URIT'da RS232 tugmasini bosing...
📷 Yoki avval barcode skanerlang (kod_yollanma yoki natija_kodi)
============================================================
⚠️ COM port (COM4) ochib bo'lmadi: could not open port 'COM4': PermissionError(13, 'Отказано в доступе.', None, 5)
   Tekshiring:
   1. URIT-50 qurilmasi ulanganmi?
   2. COM4 port mavjudmi? (Device Manager)
   3. Port boshqa dastur tomonidan ishlatilmoqdami?
   4. Port nomi to'g'rimi? (Hozirgi: COM4)

⚠️ COM port ochilmadi yoki ma'lumot kelmadi. 5 soniyadan keyin qayta uriniladi...

============================================================
📡 Yangi tahlilni yuborish uchun URIT'da RS232 tugmasini bosing...
📷 Yoki avval barcode skanerlang (kod_yollanma yoki natija_kodi)
============================================================
⚠️ COM port (COM4) ochib bo'lmadi: could not open port 'COM4': PermissionError(13, 'Отказано в доступе.', None, 5)
   Tekshiring:
   1. URIT-50 qurilmasi ulanganmi?
   2. COM4 port mavjudmi? (Device Manager)
   3. Port boshqa dastur tomonidan ishlatilmoqdami?
   4. Port nomi to'g'rimi? (Hozirgi: COM4)

⚠️ COM port ochilmadi yoki ma'lumot kelmadi. 5 soniyadan keyin qayta uriniladi...

============================================================
📡 Yangi tahlilni yuborish uchun URIT'da RS232 tugmasini bosing...
📷 Yoki avval barcode skanerlang (kod_yollanma yoki natija_kodi)
============================================================
⚠️ COM port (COM4) ochib bo'lmadi: could not open port 'COM4': PermissionError(13, 'Отказано в доступе.', None, 5)
   Tekshiring:
   1. URIT-50 qurilmasi ulanganmi?
   2. COM4 port mavjudmi? (Device Manager)
   3. Port boshqa dastur tomonidan ishlatilmoqdami?
   4. Port nomi to'g'rimi? (Hozirgi: COM4)

⚠️ COM port ochilmadi yoki ma'lumot kelmadi. 5 soniyadan keyin qayta uriniladi...

============================================================
📡 Yangi tahlilni yuborish uchun URIT'da RS232 tugmasini bosing...
📷 Yoki avval barcode skanerlang (kod_yollanma yoki natija_kodi)
============================================================
⚠️ COM port (COM4) ochib bo'lmadi: could not open port 'COM4': PermissionError(13, 'Отказано в доступе.', None, 5)
   Tekshiring:
   1. URIT-50 qurilmasi ulanganmi?
   2. COM4 port mavjudmi? (Device Manager)
   3. Port boshqa dastur tomonidan ishlatilmoqdami?
   4. Port nomi to'g'rimi? (Hozirgi: COM4)

⚠️ COM port ochilmadi yoki ma'lumot kelmadi. 5 soniyadan keyin qayta uriniladi...

============================================================
📡 Yangi tahlilni yuborish uchun URIT'da RS232 tugmasini bosing...
📷 Yoki avval barcode skanerlang (kod_yollanma yoki natija_kodi)
============================================================
⚠️ COM port (COM4) ochib bo'lmadi: could not open port 'COM4': PermissionError(13, 'Отказано в доступе.', None, 5)
   Tekshiring:
   1. URIT-50 qurilmasi ulanganmi?
   2. COM4 port mavjudmi? (Device Manager)
   3. Port boshqa dastur tomonidan ishlatilmoqdami?
   4. Port nomi to'g'rimi? (Hozirgi: COM4)

⚠️ COM port ochilmadi yoki ma'lumot kelmadi. 5 soniyadan keyin qayta uriniladi...

============================================================
📡 Yangi tahlilni yuborish uchun URIT'da RS232 tugmasini bosing...
📷 Yoki avval barcode skanerlang (kod_yollanma yoki natija_kodi)
============================================================
⚠️ COM port (COM4) ochib bo'lmadi: could not open port 'COM4': PermissionError(13, 'Отказано в доступе.', None, 5)
   Tekshiring:
   1. URIT-50 qurilmasi ulanganmi?
   2. COM4 port mavjudmi? (Device Manager)
   3. Port boshqa dastur tomonidan ishlatilmoqdami?
   4. Port nomi to'g'rimi? (Hozirgi: COM4)

⚠️ COM port ochilmadi yoki ma'lumot kelmadi. 5 soniyadan keyin qayta uriniladi...

============================================================
📡 Yangi tahlilni yuborish uchun URIT'da RS232 tugmasini bosing...
📷 Yoki avval barcode skanerlang (kod_yollanma yoki natija_kodi)
============================================================
⚠️ COM port (COM4) ochib bo'lmadi: could not open port 'COM4': PermissionError(13, 'Отказано в доступе.', None, 5)
   Tekshiring:
   1. URIT-50 qurilmasi ulanganmi?
   2. COM4 port mavjudmi? (Device Manager)
   3. Port boshqa dastur tomonidan ishlatilmoqdami?
   4. Port nomi to'g'rimi? (Hozirgi: COM4)

⚠️ COM port ochilmadi yoki ma'lumot kelmadi. 5 soniyadan keyin qayta uriniladi...

============================================================
📡 Yangi tahlilni yuborish uchun URIT'da RS232 tugmasini bosing...
📷 Yoki avval barcode skanerlang (kod_yollanma yoki natija_kodi)
============================================================
⚠️ COM port (COM4) ochib bo'lmadi: could not open port 'COM4': PermissionError(13, 'Отказано в доступе.', None, 5)
   Tekshiring:
   1. URIT-50 qurilmasi ulanganmi?
   2. COM4 port mavjudmi? (Device Manager)
   3. Port boshqa dastur tomonidan ishlatilmoqdami?
   4. Port nomi to'g'rimi? (Hozirgi: COM4)

⚠️ COM port ochilmadi yoki ma'lumot kelmadi. 5 soniyadan keyin qayta uriniladi...

============================================================
📡 Yangi tahlilni yuborish uchun URIT'da RS232 tugmasini bosing...
📷 Yoki avval barcode skanerlang (kod_yollanma yoki natija_kodi)
============================================================
⚠️ COM port (COM4) ochib bo'lmadi: could not open port 'COM4': PermissionError(13, 'Отказано в доступе.', None, 5)
   Tekshiring:
   1. URIT-50 qurilmasi ulanganmi?
   2. COM4 port mavjudmi? (Device Manager)
   3. Port boshqa dastur tomonidan ishlatilmoqdami?
   4. Port nomi to'g'rimi? (Hozirgi: COM4)

⚠️ COM port ochilmadi yoki ma'lumot kelmadi. 5 soniyadan keyin qayta uriniladi...

============================================================
📡 Yangi tahlilni yuborish uchun URIT'da RS232 tugmasini bosing...
📷 Yoki avval barcode skanerlang (kod_yollanma yoki natija_kodi)
============================================================
⚠️ COM port (COM4) ochib bo'lmadi: could not open port 'COM4': PermissionError(13, 'Отказано в доступе.', None, 5)
   Tekshiring:
   1. URIT-50 qurilmasi ulanganmi?
   2. COM4 port mavjudmi? (Device Manager)
   3. Port boshqa dastur tomonidan ishlatilmoqdami?
   4. Port nomi to'g'rimi? (Hozirgi: COM4)

⚠️ COM port ochilmadi yoki ma'lumot kelmadi. 5 soniyadan keyin qayta uriniladi...

============================================================
📡 Yangi tahlilni yuborish uchun URIT'da RS232 tugmasini bosing...
📷 Yoki avval barcode skanerlang (kod_yollanma yoki natija_kodi)
============================================================
⚠️ COM port (COM4) ochib bo'lmadi: could not open port 'COM4': PermissionError(13, 'Отказано в доступе.', None, 5)
   Tekshiring:
   1. URIT-50 qurilmasi ulanganmi?
   2. COM4 port mavjudmi? (Device Manager)
   3. Port boshqa dastur tomonidan ishlatilmoqdami?
   4. Port nomi to'g'rimi? (Hozirgi: COM4)

⚠️ COM port ochilmadi yoki ma'lumot kelmadi. 5 soniyadan keyin qayta uriniladi...

============================================================
📡 Yangi tahlilni yuborish uchun URIT'da RS232 tugmasini bosing...
📷 Yoki avval barcode skanerlang (kod_yollanma yoki natija_kodi)
============================================================
⚠️ COM port (COM4) ochib bo'lmadi: could not open port 'COM4': PermissionError(13, 'Отказано в доступе.', None, 5)
   Tekshiring:
   1. URIT-50 qurilmasi ulanganmi?
   2. COM4 port mavjudmi? (Device Manager)
   3. Port boshqa dastur tomonidan ishlatilmoqdami?
   4. Port nomi to'g'rimi? (Hozirgi: COM4)

⚠️ COM port ochilmadi yoki ma'lumot kelmadi. 5 soniyadan keyin qayta uriniladi...

============================================================
📡 Yangi tahlilni yuborish uchun URIT'da RS232 tugmasini bosing...
📷 Yoki avval barcode skanerlang (kod_yollanma yoki natija_kodi)
============================================================
⚠️ COM port (COM4) ochib bo'lmadi: could not open port 'COM4': PermissionError(13, 'Отказано в доступе.', None, 5)
   Tekshiring:
   1. URIT-50 qurilmasi ulanganmi?
   2. COM4 port mavjudmi? (Device Manager)
   3. Port boshqa dastur tomonidan ishlatilmoqdami?
   4. Port nomi to'g'rimi? (Hozirgi: COM4)

⚠️ COM port ochilmadi yoki ma'lumot kelmadi. 5 soniyadan keyin qayta uriniladi...

============================================================
📡 Yangi tahlilni yuborish uchun URIT'da RS232 tugmasini bosing...
📷 Yoki avval barcode skanerlang (kod_yollanma yoki natija_kodi)
============================================================
⚠️ COM port (COM4) ochib bo'lmadi: could not open port 'COM4': PermissionError(13, 'Отказано в доступе.', None, 5)
   Tekshiring:
   1. URIT-50 qurilmasi ulanganmi?
   2. COM4 port mavjudmi? (Device Manager)
   3. Port boshqa dastur tomonidan ishlatilmoqdami?
   4. Port nomi to'g'rimi? (Hozirgi: COM4)

⚠️ COM port ochilmadi yoki ma'lumot kelmadi. 5 soniyadan keyin qayta uriniladi...

============================================================
📡 Yangi tahlilni yuborish uchun URIT'da RS232 tugmasini bosing...
📷 Yoki avval barcode skanerlang (kod_yollanma yoki natija_kodi)
============================================================
⚠️ COM port (COM4) ochib bo'lmadi: could not open port 'COM4': PermissionError(13, 'Отказано в доступе.', None, 5)
   Tekshiring:
   1. URIT-50 qurilmasi ulanganmi?
   2. COM4 port mavjudmi? (Device Manager)
   3. Port boshqa dastur tomonidan ishlatilmoqdami?
   4. Port nomi to'g'rimi? (Hozirgi: COM4)

⚠️ COM port ochilmadi yoki ma'lumot kelmadi. 5 soniyadan keyin qayta uriniladi...

============================================================
📡 Yangi tahlilni yuborish uchun URIT'da RS232 tugmasini bosing...
📷 Yoki avval barcode skanerlang (kod_yollanma yoki natija_kodi)
============================================================
⚠️ COM port (COM4) ochib bo'lmadi: could not open port 'COM4': PermissionError(13, 'Отказано в доступе.', None, 5)
   Tekshiring:
   1. URIT-50 qurilmasi ulanganmi?
   2. COM4 port mavjudmi? (Device Manager)
   3. Port boshqa dastur tomonidan ishlatilmoqdami?
   4. Port nomi to'g'rimi? (Hozirgi: COM4)

⚠️ COM port ochilmadi yoki ma'lumot kelmadi. 5 soniyadan keyin qayta uriniladi...

============================================================
📡 Yangi tahlilni yuborish uchun URIT'da RS232 tugmasini bosing...
📷 Yoki avval barcode skanerlang (kod_yollanma yoki natija_kodi)
============================================================
⚠️ COM port (COM4) ochib bo'lmadi: could not open port 'COM4': PermissionError(13, 'Отказано в доступе.', None, 5)
   Tekshiring:
   1. URIT-50 qurilmasi ulanganmi?
   2. COM4 port mavjudmi? (Device Manager)
   3. Port boshqa dastur tomonidan ishlatilmoqdami?
   4. Port nomi to'g'rimi? (Hozirgi: COM4)

⚠️ COM port ochilmadi yoki ma'lumot kelmadi. 5 soniyadan keyin qayta uriniladi...

============================================================
📡 Yangi tahlilni yuborish uchun URIT'da RS232 tugmasini bosing...
📷 Yoki avval barcode skanerlang (kod_yollanma yoki natija_kodi)
============================================================
⚠️ COM port (COM4) ochib bo'lmadi: could not open port 'COM4': PermissionError(13, 'Отказано в доступе.', None, 5)
   Tekshiring:
   1. URIT-50 qurilmasi ulanganmi?
   2. COM4 port mavjudmi? (Device Manager)
   3. Port boshqa dastur tomonidan ishlatilmoqdami?
   4. Port nomi to'g'rimi? (Hozirgi: COM4)

⚠️ COM port ochilmadi yoki ma'lumot kelmadi. 5 soniyadan keyin qayta uriniladi...

============================================================
📡 Yangi tahlilni yuborish uchun URIT'da RS232 tugmasini bosing...
📷 Yoki avval barcode skanerlang (kod_yollanma yoki natija_kodi)
============================================================
⚠️ COM port (COM4) ochib bo'lmadi: could not open port 'COM4': PermissionError(13, 'Отказано в доступе.', None, 5)
   Tekshiring:
   1. URIT-50 qurilmasi ulanganmi?
   2. COM4 port mavjudmi? (Device Manager)
   3. Port boshqa dastur tomonidan ishlatilmoqdami?
   4. Port nomi to'g'rimi? (Hozirgi: COM4)

⚠️ COM port ochilmadi yoki ma'lumot kelmadi. 5 soniyadan keyin qayta uriniladi...

============================================================
📡 Yangi tahlilni yuborish uchun URIT'da RS232 tugmasini bosing...
📷 Yoki avval barcode skanerlang (kod_yollanma yoki natija_kodi)
============================================================
⚠️ COM port (COM4) ochib bo'lmadi: could not open port 'COM4': PermissionError(13, 'Отказано в доступе.', None, 5)
   Tekshiring:
   1. URIT-50 qurilmasi ulanganmi?
   2. COM4 port mavjudmi? (Device Manager)
   3. Port boshqa dastur tomonidan ishlatilmoqdami?
   4. Port nomi to'g'rimi? (Hozirgi: COM4)

⚠️ COM port ochilmadi yoki ma'lumot kelmadi. 5 soniyadan keyin qayta uriniladi...

============================================================
📡 Yangi tahlilni yuborish uchun URIT'da RS232 tugmasini bosing...
📷 Yoki avval barcode skanerlang (kod_yollanma yoki natija_kodi)
============================================================
⚠️ COM port (COM4) ochib bo'lmadi: could not open port 'COM4': PermissionError(13, 'Отказано в доступе.', None, 5)
   Tekshiring:
   1. URIT-50 qurilmasi ulanganmi?
   2. COM4 port mavjudmi? (Device Manager)
   3. Port boshqa dastur tomonidan ishlatilmoqdami?
   4. Port nomi to'g'rimi? (Hozirgi: COM4)

⚠️ COM port ochilmadi yoki ma'lumot kelmadi. 5 soniyadan keyin qayta uriniladi...

============================================================
📡 Yangi tahlilni yuborish uchun URIT'da RS232 tugmasini bosing...
📷 Yoki avval barcode skanerlang (kod_yollanma yoki natija_kodi)
============================================================
⚠️ COM port (COM4) ochib bo'lmadi: could not open port 'COM4': PermissionError(13, 'Отказано в доступе.', None, 5)
   Tekshiring:
   1. URIT-50 qurilmasi ulanganmi?
   2. COM4 port mavjudmi? (Device Manager)
   3. Port boshqa dastur tomonidan ishlatilmoqdami?
   4. Port nomi to'g'rimi? (Hozirgi: COM4)

⚠️ COM port ochilmadi yoki ma'lumot kelmadi. 5 soniyadan keyin qayta uriniladi...

============================================================
📡 Yangi tahlilni yuborish uchun URIT'da RS232 tugmasini bosing...
📷 Yoki avval barcode skanerlang (kod_yollanma yoki natija_kodi)
============================================================
⚠️ COM port (COM4) ochib bo'lmadi: could not open port 'COM4': PermissionError(13, 'Отказано в доступе.', None, 5)
   Tekshiring:
   1. URIT-50 qurilmasi ulanganmi?
   2. COM4 port mavjudmi? (Device Manager)
   3. Port boshqa dastur tomonidan ishlatilmoqdami?
   4. Port nomi to'g'rimi? (Hozirgi: COM4)

⚠️ COM port ochilmadi yoki ma'lumot kelmadi. 5 soniyadan keyin qayta uriniladi...

============================================================
📡 Yangi tahlilni yuborish uchun URIT'da RS232 tugmasini bosing...
📷 Yoki avval barcode skanerlang (kod_yollanma yoki natija_kodi)
============================================================
⚠️ COM port (COM4) ochib bo'lmadi: could not open port 'COM4': PermissionError(13, 'Отказано в доступе.', None, 5)
   Tekshiring:
   1. URIT-50 qurilmasi ulanganmi?
   2. COM4 port mavjudmi? (Device Manager)
   3. Port boshqa dastur tomonidan ishlatilmoqdami?
   4. Port nomi to'g'rimi? (Hozirgi: COM4)

⚠️ COM port ochilmadi yoki ma'lumot kelmadi. 5 soniyadan keyin qayta uriniladi...

============================================================
📡 Yangi tahlilni yuborish uchun URIT'da RS232 tugmasini bosing...
📷 Yoki avval barcode skanerlang (kod_yollanma yoki natija_kodi)
============================================================
⚠️ COM port (COM4) ochib bo'lmadi: could not open port 'COM4': PermissionError(13, 'Отказано в доступе.', None, 5)
   Tekshiring:
   1. URIT-50 qurilmasi ulanganmi?
   2. COM4 port mavjudmi? (Device Manager)
   3. Port boshqa dastur tomonidan ishlatilmoqdami?
   4. Port nomi to'g'rimi? (Hozirgi: COM4)

⚠️ COM port ochilmadi yoki ma'lumot kelmadi. 5 soniyadan keyin qayta uriniladi...

============================================================
📡 Yangi tahlilni yuborish uchun URIT'da RS232 tugmasini bosing...
📷 Yoki avval barcode skanerlang (kod_yollanma yoki natija_kodi)
============================================================
⚠️ COM port (COM4) ochib bo'lmadi: could not open port 'COM4': PermissionError(13, 'Отказано в доступе.', None, 5)
   Tekshiring:
   1. URIT-50 qurilmasi ulanganmi?
   2. COM4 port mavjudmi? (Device Manager)
   3. Port boshqa dastur tomonidan ishlatilmoqdami?
   4. Port nomi to'g'rimi? (Hozirgi: COM4)

⚠️ COM port ochilmadi yoki ma'lumot kelmadi. 5 soniyadan keyin qayta uriniladi...

============================================================
📡 Yangi tahlilni yuborish uchun URIT'da RS232 tugmasini bosing...
📷 Yoki avval barcode skanerlang (kod_yollanma yoki natija_kodi)
============================================================
⚠️ COM port (COM4) ochib bo'lmadi: could not open port 'COM4': PermissionError(13, 'Отказано в доступе.', None, 5)
   Tekshiring:
   1. URIT-50 qurilmasi ulanganmi?
   2. COM4 port mavjudmi? (Device Manager)
   3. Port boshqa dastur tomonidan ishlatilmoqdami?
   4. Port nomi to'g'rimi? (Hozirgi: COM4)

⚠️ COM port ochilmadi yoki ma'lumot kelmadi. 5 soniyadan keyin qayta uriniladi...

============================================================
📡 Yangi tahlilni yuborish uchun URIT'da RS232 tugmasini bosing...
📷 Yoki avval barcode skanerlang (kod_yollanma yoki natija_kodi)
============================================================
⚠️ COM port (COM4) ochib bo'lmadi: could not open port 'COM4': PermissionError(13, 'Отказано в доступе.', None, 5)
   Tekshiring:
   1. URIT-50 qurilmasi ulanganmi?
   2. COM4 port mavjudmi? (Device Manager)
   3. Port boshqa dastur tomonidan ishlatilmoqdami?
   4. Port nomi to'g'rimi? (Hozirgi: COM4)

⚠️ COM port ochilmadi yoki ma'lumot kelmadi. 5 soniyadan keyin qayta uriniladi...

============================================================
📡 Yangi tahlilni yuborish uchun URIT'da RS232 tugmasini bosing...
📷 Yoki avval barcode skanerlang (kod_yollanma yoki natija_kodi)
============================================================
⚠️ COM port (COM4) ochib bo'lmadi: could not open port 'COM4': PermissionError(13, 'Отказано в доступе.', None, 5)
   Tekshiring:
   1. URIT-50 qurilmasi ulanganmi?
   2. COM4 port mavjudmi? (Device Manager)
   3. Port boshqa dastur tomonidan ishlatilmoqdami?
   4. Port nomi to'g'rimi? (Hozirgi: COM4)

⚠️ COM port ochilmadi yoki ma'lumot kelmadi. 5 soniyadan keyin qayta uriniladi...

============================================================
📡 Yangi tahlilni yuborish uchun URIT'da RS232 tugmasini bosing...
📷 Yoki avval barcode skanerlang (kod_yollanma yoki natija_kodi)
============================================================
⚠️ COM port (COM4) ochib bo'lmadi: could not open port 'COM4': PermissionError(13, 'Отказано в доступе.', None, 5)
   Tekshiring:
   1. URIT-50 qurilmasi ulanganmi?
   2. COM4 port mavjudmi? (Device Manager)
   3. Port boshqa dastur tomonidan ishlatilmoqdami?
   4. Port nomi to'g'rimi? (Hozirgi: COM4)

⚠️ COM port ochilmadi yoki ma'lumot kelmadi. 5 soniyadan keyin qayta uriniladi...

============================================================
📡 Yangi tahlilni yuborish uchun URIT'da RS232 tugmasini bosing...
📷 Yoki avval barcode skanerlang (kod_yollanma yoki natija_kodi)
============================================================
⚠️ COM port (COM4) ochib bo'lmadi: could not open port 'COM4': PermissionError(13, 'Отказано в доступе.', None, 5)
   Tekshiring:
   1. URIT-50 qurilmasi ulanganmi?
   2. COM4 port mavjudmi? (Device Manager)
   3. Port boshqa dastur tomonidan ishlatilmoqdami?
   4. Port nomi to'g'rimi? (Hozirgi: COM4)

⚠️ COM port ochilmadi yoki ma'lumot kelmadi. 5 soniyadan keyin qayta uriniladi...

============================================================
📡 Yangi tahlilni yuborish uchun URIT'da RS232 tugmasini bosing...
📷 Yoki avval barcode skanerlang (kod_yollanma yoki natija_kodi)
============================================================
⚠️ COM port (COM4) ochib bo'lmadi: could not open port 'COM4': PermissionError(13, 'Отказано в доступе.', None, 5)
   Tekshiring:
   1. URIT-50 qurilmasi ulanganmi?
   2. COM4 port mavjudmi? (Device Manager)
   3. Port boshqa dastur tomonidan ishlatilmoqdami?
   4. Port nomi to'g'rimi? (Hozirgi: COM4)

⚠️ COM port ochilmadi yoki ma'lumot kelmadi. 5 soniyadan keyin qayta uriniladi...

============================================================
📡 Yangi tahlilni yuborish uchun URIT'da RS232 tugmasini bosing...
📷 Yoki avval barcode skanerlang (kod_yollanma yoki natija_kodi)
============================================================
⚠️ COM port (COM4) ochib bo'lmadi: could not open port 'COM4': PermissionError(13, 'Отказано в доступе.', None, 5)
   Tekshiring:
   1. URIT-50 qurilmasi ulanganmi?
   2. COM4 port mavjudmi? (Device Manager)
   3. Port boshqa dastur tomonidan ishlatilmoqdami?
   4. Port nomi to'g'rimi? (Hozirgi: COM4)

⚠️ COM port ochilmadi yoki ma'lumot kelmadi. 5 soniyadan keyin qayta uriniladi...

============================================================
📡 Yangi tahlilni yuborish uchun URIT'da RS232 tugmasini bosing...
📷 Yoki avval barcode skanerlang (kod_yollanma yoki natija_kodi)
============================================================
⚠️ COM port (COM4) ochib bo'lmadi: could not open port 'COM4': PermissionError(13, 'Отказано в доступе.', None, 5)
   Tekshiring:
   1. URIT-50 qurilmasi ulanganmi?
   2. COM4 port mavjudmi? (Device Manager)
   3. Port boshqa dastur tomonidan ishlatilmoqdami?
   4. Port nomi to'g'rimi? (Hozirgi: COM4)

⚠️ COM port ochilmadi yoki ma'lumot kelmadi. 5 soniyadan keyin qayta uriniladi...

============================================================
📡 Yangi tahlilni yuborish uchun URIT'da RS232 tugmasini bosing...
📷 Yoki avval barcode skanerlang (kod_yollanma yoki natija_kodi)
============================================================
⚠️ COM port (COM4) ochib bo'lmadi: could not open port 'COM4': PermissionError(13, 'Отказано в доступе.', None, 5)
   Tekshiring:
   1. URIT-50 qurilmasi ulanganmi?
   2. COM4 port mavjudmi? (Device Manager)
   3. Port boshqa dastur tomonidan ishlatilmoqdami?
   4. Port nomi to'g'rimi? (Hozirgi: COM4)

⚠️ COM port ochilmadi yoki ma'lumot kelmadi. 5 soniyadan keyin qayta uriniladi...

============================================================
📡 Yangi tahlilni yuborish uchun URIT'da RS232 tugmasini bosing...
📷 Yoki avval barcode skanerlang (kod_yollanma yoki natija_kodi)
============================================================
⚠️ COM port (COM4) ochib bo'lmadi: could not open port 'COM4': PermissionError(13, 'Отказано в доступе.', None, 5)
   Tekshiring:
   1. URIT-50 qurilmasi ulanganmi?
   2. COM4 port mavjudmi? (Device Manager)
   3. Port boshqa dastur tomonidan ishlatilmoqdami?
   4. Port nomi to'g'rimi? (Hozirgi: COM4)

⚠️ COM port ochilmadi yoki ma'lumot kelmadi. 5 soniyadan keyin qayta uriniladi...

============================================================
📡 Yangi tahlilni yuborish uchun URIT'da RS232 tugmasini bosing...
📷 Yoki avval barcode skanerlang (kod_yollanma yoki natija_kodi)
============================================================
⚠️ COM port (COM4) ochib bo'lmadi: could not open port 'COM4': PermissionError(13, 'Отказано в доступе.', None, 5)
   Tekshiring:
   1. URIT-50 qurilmasi ulanganmi?
   2. COM4 port mavjudmi? (Device Manager)
   3. Port boshqa dastur tomonidan ishlatilmoqdami?
   4. Port nomi to'g'rimi? (Hozirgi: COM4)

⚠️ COM port ochilmadi yoki ma'lumot kelmadi. 5 soniyadan keyin qayta uriniladi...

============================================================
📡 Yangi tahlilni yuborish uchun URIT'da RS232 tugmasini bosing...
📷 Yoki avval barcode skanerlang (kod_yollanma yoki natija_kodi)
============================================================
⚠️ COM port (COM4) ochib bo'lmadi: could not open port 'COM4': PermissionError(13, 'Отказано в доступе.', None, 5)
   Tekshiring:
   1. URIT-50 qurilmasi ulanganmi?
   2. COM4 port mavjudmi? (Device Manager)
   3. Port boshqa dastur tomonidan ishlatilmoqdami?
   4. Port nomi to'g'rimi? (Hozirgi: COM4)

⚠️ COM port ochilmadi yoki ma'lumot kelmadi. 5 soniyadan keyin qayta uriniladi...

============================================================
📡 Yangi tahlilni yuborish uchun URIT'da RS232 tugmasini bosing...
📷 Yoki avval barcode skanerlang (kod_yollanma yoki natija_kodi)
============================================================
⚠️ COM port (COM4) ochib bo'lmadi: could not open port 'COM4': PermissionError(13, 'Отказано в доступе.', None, 5)
   Tekshiring:
   1. URIT-50 qurilmasi ulanganmi?
   2. COM4 port mavjudmi? (Device Manager)
   3. Port boshqa dastur tomonidan ishlatilmoqdami?
   4. Port nomi to'g'rimi? (Hozirgi: COM4)

⚠️ COM port ochilmadi yoki ma'lumot kelmadi. 5 soniyadan keyin qayta uriniladi...

============================================================
📡 Yangi tahlilni yuborish uchun URIT'da RS232 tugmasini bosing...
📷 Yoki avval barcode skanerlang (kod_yollanma yoki natija_kodi)
============================================================
⚠️ COM port (COM4) ochib bo'lmadi: could not open port 'COM4': PermissionError(13, 'Отказано в доступе.', None, 5)
   Tekshiring:
   1. URIT-50 qurilmasi ulanganmi?
   2. COM4 port mavjudmi? (Device Manager)
   3. Port boshqa dastur tomonidan ishlatilmoqdami?
   4. Port nomi to'g'rimi? (Hozirgi: COM4)

⚠️ COM port ochilmadi yoki ma'lumot kelmadi. 5 soniyadan keyin qayta uriniladi...

============================================================
📡 Yangi tahlilni yuborish uchun URIT'da RS232 tugmasini bosing...
📷 Yoki avval barcode skanerlang (kod_yollanma yoki natija_kodi)
============================================================
⚠️ COM port (COM4) ochib bo'lmadi: could not open port 'COM4': PermissionError(13, 'Отказано в доступе.', None, 5)
   Tekshiring:
   1. URIT-50 qurilmasi ulanganmi?
   2. COM4 port mavjudmi? (Device Manager)
   3. Port boshqa dastur tomonidan ishlatilmoqdami?
   4. Port nomi to'g'rimi? (Hozirgi: COM4)

⚠️ COM port ochilmadi yoki ma'lumot kelmadi. 5 soniyadan keyin qayta uriniladi...

============================================================
📡 Yangi tahlilni yuborish uchun URIT'da RS232 tugmasini bosing...
📷 Yoki avval barcode skanerlang (kod_yollanma yoki natija_kodi)
============================================================
⚠️ COM port (COM4) ochib bo'lmadi: could not open port 'COM4': PermissionError(13, 'Отказано в доступе.', None, 5)
   Tekshiring:
   1. URIT-50 qurilmasi ulanganmi?
   2. COM4 port mavjudmi? (Device Manager)
   3. Port boshqa dastur tomonidan ishlatilmoqdami?
   4. Port nomi to'g'rimi? (Hozirgi: COM4)

⚠️ COM port ochilmadi yoki ma'lumot kelmadi. 5 soniyadan keyin qayta uriniladi...

============================================================
📡 Yangi tahlilni yuborish uchun URIT'da RS232 tugmasini bosing...
📷 Yoki avval barcode skanerlang (kod_yollanma yoki natija_kodi)
============================================================
⚠️ COM port (COM4) ochib bo'lmadi: could not open port 'COM4': PermissionError(13, 'Отказано в доступе.', None, 5)
   Tekshiring:
   1. URIT-50 qurilmasi ulanganmi?
   2. COM4 port mavjudmi? (Device Manager)
   3. Port boshqa dastur tomonidan ishlatilmoqdami?
   4. Port nomi to'g'rimi? (Hozirgi: COM4)

⚠️ COM port ochilmadi yoki ma'lumot kelmadi. 5 soniyadan keyin qayta uriniladi...

============================================================
📡 Yangi tahlilni yuborish uchun URIT'da RS232 tugmasini bosing...
📷 Yoki avval barcode skanerlang (kod_yollanma yoki natija_kodi)
============================================================
⚠️ COM port (COM4) ochib bo'lmadi: could not open port 'COM4': PermissionError(13, 'Отказано в доступе.', None, 5)
   Tekshiring:
   1. URIT-50 qurilmasi ulanganmi?
   2. COM4 port mavjudmi? (Device Manager)
   3. Port boshqa dastur tomonidan ishlatilmoqdami?
   4. Port nomi to'g'rimi? (Hozirgi: COM4)

⚠️ COM port ochilmadi yoki ma'lumot kelmadi. 5 soniyadan keyin qayta uriniladi...

============================================================
📡 Yangi tahlilni yuborish uchun URIT'da RS232 tugmasini bosing...
📷 Yoki avval barcode skanerlang (kod_yollanma yoki natija_kodi)
============================================================
⚠️ COM port (COM4) ochib bo'lmadi: could not open port 'COM4': PermissionError(13, 'Отказано в доступе.', None, 5)
   Tekshiring:
   1. URIT-50 qurilmasi ulanganmi?
   2. COM4 port mavjudmi? (Device Manager)
   3. Port boshqa dastur tomonidan ishlatilmoqdami?
   4. Port nomi to'g'rimi? (Hozirgi: COM4)

⚠️ COM port ochilmadi yoki ma'lumot kelmadi. 5 soniyadan keyin qayta uriniladi...

============================================================
📡 Yangi tahlilni yuborish uchun URIT'da RS232 tugmasini bosing...
📷 Yoki avval barcode skanerlang (kod_yollanma yoki natija_kodi)
============================================================
⚠️ COM port (COM4) ochib bo'lmadi: could not open port 'COM4': PermissionError(13, 'Отказано в доступе.', None, 5)
   Tekshiring:
   1. URIT-50 qurilmasi ulanganmi?
   2. COM4 port mavjudmi? (Device Manager)
   3. Port boshqa dastur tomonidan ishlatilmoqdami?
   4. Port nomi to'g'rimi? (Hozirgi: COM4)

⚠️ COM port ochilmadi yoki ma'lumot kelmadi. 5 soniyadan keyin qayta uriniladi...

============================================================
📡 Yangi tahlilni yuborish uchun URIT'da RS232 tugmasini bosing...
📷 Yoki avval barcode skanerlang (kod_yollanma yoki natija_kodi)
============================================================
⚠️ COM port (COM4) ochib bo'lmadi: could not open port 'COM4': PermissionError(13, 'Отказано в доступе.', None, 5)
   Tekshiring:
   1. URIT-50 qurilmasi ulanganmi?
   2. COM4 port mavjudmi? (Device Manager)
   3. Port boshqa dastur tomonidan ishlatilmoqdami?
   4. Port nomi to'g'rimi? (Hozirgi: COM4)

⚠️ COM port ochilmadi yoki ma'lumot kelmadi. 5 soniyadan keyin qayta uriniladi...

============================================================
📡 Yangi tahlilni yuborish uchun URIT'da RS232 tugmasini bosing...
📷 Yoki avval barcode skanerlang (kod_yollanma yoki natija_kodi)
============================================================
⚠️ COM port (COM4) ochib bo'lmadi: could not open port 'COM4': PermissionError(13, 'Отказано в доступе.', None, 5)
   Tekshiring:
   1. URIT-50 qurilmasi ulanganmi?
   2. COM4 port mavjudmi? (Device Manager)
   3. Port boshqa dastur tomonidan ishlatilmoqdami?
   4. Port nomi to'g'rimi? (Hozirgi: COM4)

⚠️ COM port ochilmadi yoki ma'lumot kelmadi. 5 soniyadan keyin qayta uriniladi...

============================================================
📡 Yangi tahlilni yuborish uchun URIT'da RS232 tugmasini bosing...
📷 Yoki avval barcode skanerlang (kod_yollanma yoki natija_kodi)
============================================================
⚠️ COM port (COM4) ochib bo'lmadi: could not open port 'COM4': PermissionError(13, 'Отказано в доступе.', None, 5)
   Tekshiring:
   1. URIT-50 qurilmasi ulanganmi?
   2. COM4 port mavjudmi? (Device Manager)
   3. Port boshqa dastur tomonidan ishlatilmoqdami?
   4. Port nomi to'g'rimi? (Hozirgi: COM4)

⚠️ COM port ochilmadi yoki ma'lumot kelmadi. 5 soniyadan keyin qayta uriniladi...

============================================================
📡 Yangi tahlilni yuborish uchun URIT'da RS232 tugmasini bosing...
📷 Yoki avval barcode skanerlang (kod_yollanma yoki natija_kodi)
============================================================
⚠️ COM port (COM4) ochib bo'lmadi: could not open port 'COM4': PermissionError(13, 'Отказано в доступе.', None, 5)
   Tekshiring:
   1. URIT-50 qurilmasi ulanganmi?
   2. COM4 port mavjudmi? (Device Manager)
   3. Port boshqa dastur tomonidan ishlatilmoqdami?
   4. Port nomi to'g'rimi? (Hozirgi: COM4)

⚠️ COM port ochilmadi yoki ma'lumot kelmadi. 5 soniyadan keyin qayta uriniladi...

============================================================
📡 Yangi tahlilni yuborish uchun URIT'da RS232 tugmasini bosing...
📷 Yoki avval barcode skanerlang (kod_yollanma yoki natija_kodi)
============================================================
⚠️ COM port (COM4) ochib bo'lmadi: could not open port 'COM4': PermissionError(13, 'Отказано в доступе.', None, 5)
   Tekshiring:
   1. URIT-50 qurilmasi ulanganmi?
   2. COM4 port mavjudmi? (Device Manager)
   3. Port boshqa dastur tomonidan ishlatilmoqdami?
   4. Port nomi to'g'rimi? (Hozirgi: COM4)

⚠️ COM port ochilmadi yoki ma'lumot kelmadi. 5 soniyadan keyin qayta uriniladi...

============================================================
📡 Yangi tahlilni yuborish uchun URIT'da RS232 tugmasini bosing...
📷 Yoki avval barcode skanerlang (kod_yollanma yoki natija_kodi)
============================================================
⚠️ COM port (COM4) ochib bo'lmadi: could not open port 'COM4': PermissionError(13, 'Отказано в доступе.', None, 5)
   Tekshiring:
   1. URIT-50 qurilmasi ulanganmi?
   2. COM4 port mavjudmi? (Device Manager)
   3. Port boshqa dastur tomonidan ishlatilmoqdami?
   4. Port nomi to'g'rimi? (Hozirgi: COM4)

⚠️ COM port ochilmadi yoki ma'lumot kelmadi. 5 soniyadan keyin qayta uriniladi...

============================================================
📡 Yangi tahlilni yuborish uchun URIT'da RS232 tugmasini bosing...
📷 Yoki avval barcode skanerlang (kod_yollanma yoki natija_kodi)
============================================================
⚠️ COM port (COM4) ochib bo'lmadi: could not open port 'COM4': PermissionError(13, 'Отказано в доступе.', None, 5)
   Tekshiring:
   1. URIT-50 qurilmasi ulanganmi?
   2. COM4 port mavjudmi? (Device Manager)
   3. Port boshqa dastur tomonidan ishlatilmoqdami?
   4. Port nomi to'g'rimi? (Hozirgi: COM4)

⚠️ COM port ochilmadi yoki ma'lumot kelmadi. 5 soniyadan keyin qayta uriniladi...

============================================================
📡 Yangi tahlilni yuborish uchun URIT'da RS232 tugmasini bosing...
📷 Yoki avval barcode skanerlang (kod_yollanma yoki natija_kodi)
============================================================
⚠️ COM port (COM4) ochib bo'lmadi: could not open port 'COM4': PermissionError(13, 'Отказано в доступе.', None, 5)
   Tekshiring:
   1. URIT-50 qurilmasi ulanganmi?
   2. COM4 port mavjudmi? (Device Manager)
   3. Port boshqa dastur tomonidan ishlatilmoqdami?
   4. Port nomi to'g'rimi? (Hozirgi: COM4)

⚠️ COM port ochilmadi yoki ma'lumot kelmadi. 5 soniyadan keyin qayta uriniladi...

============================================================
📡 Yangi tahlilni yuborish uchun URIT'da RS232 tugmasini bosing...
📷 Yoki avval barcode skanerlang (kod_yollanma yoki natija_kodi)
============================================================
⚠️ COM port (COM4) ochib bo'lmadi: could not open port 'COM4': PermissionError(13, 'Отказано в доступе.', None, 5)
   Tekshiring:
   1. URIT-50 qurilmasi ulanganmi?
   2. COM4 port mavjudmi? (Device Manager)
   3. Port boshqa dastur tomonidan ishlatilmoqdami?
   4. Port nomi to'g'rimi? (Hozirgi: COM4)

⚠️ COM port ochilmadi yoki ma'lumot kelmadi. 5 soniyadan keyin qayta uriniladi...

============================================================
📡 Yangi tahlilni yuborish uchun URIT'da RS232 tugmasini bosing...
📷 Yoki avval barcode skanerlang (kod_yollanma yoki natija_kodi)
============================================================
⚠️ COM port (COM4) ochib bo'lmadi: could not open port 'COM4': PermissionError(13, 'Отказано в доступе.', None, 5)
   Tekshiring:
   1. URIT-50 qurilmasi ulanganmi?
   2. COM4 port mavjudmi? (Device Manager)
   3. Port boshqa dastur tomonidan ishlatilmoqdami?
   4. Port nomi to'g'rimi? (Hozirgi: COM4)

⚠️ COM port ochilmadi yoki ma'lumot kelmadi. 5 soniyadan keyin qayta uriniladi...

============================================================
📡 Yangi tahlilni yuborish uchun URIT'da RS232 tugmasini bosing...
📷 Yoki avval barcode skanerlang (kod_yollanma yoki natija_kodi)
============================================================
⚠️ COM port (COM4) ochib bo'lmadi: could not open port 'COM4': PermissionError(13, 'Отказано в доступе.', None, 5)
   Tekshiring:
   1. URIT-50 qurilmasi ulanganmi?
   2. COM4 port mavjudmi? (Device Manager)
   3. Port boshqa dastur tomonidan ishlatilmoqdami?
   4. Port nomi to'g'rimi? (Hozirgi: COM4)

⚠️ COM port ochilmadi yoki ma'lumot kelmadi. 5 soniyadan keyin qayta uriniladi...

============================================================
📡 Yangi tahlilni yuborish uchun URIT'da RS232 tugmasini bosing...
📷 Yoki avval barcode skanerlang (kod_yollanma yoki natija_kodi)
============================================================
⚠️ COM port (COM4) ochib bo'lmadi: could not open port 'COM4': PermissionError(13, 'Отказано в доступе.', None, 5)
   Tekshiring:
   1. URIT-50 qurilmasi ulanganmi?
   2. COM4 port mavjudmi? (Device Manager)
   3. Port boshqa dastur tomonidan ishlatilmoqdami?
   4. Port nomi to'g'rimi? (Hozirgi: COM4)

⚠️ COM port ochilmadi yoki ma'lumot kelmadi. 5 soniyadan keyin qayta uriniladi...

============================================================
📡 Yangi tahlilni yuborish uchun URIT'da RS232 tugmasini bosing...
📷 Yoki avval barcode skanerlang (kod_yollanma yoki natija_kodi)
============================================================
⚠️ COM port (COM4) ochib bo'lmadi: could not open port 'COM4': PermissionError(13, 'Отказано в доступе.', None, 5)
   Tekshiring:
   1. URIT-50 qurilmasi ulanganmi?
   2. COM4 port mavjudmi? (Device Manager)
   3. Port boshqa dastur tomonidan ishlatilmoqdami?
   4. Port nomi to'g'rimi? (Hozirgi: COM4)

⚠️ COM port ochilmadi yoki ma'lumot kelmadi. 5 soniyadan keyin qayta uriniladi...

============================================================
📡 Yangi tahlilni yuborish uchun URIT'da RS232 tugmasini bosing...
📷 Yoki avval barcode skanerlang (kod_yollanma yoki natija_kodi)
============================================================
⚠️ COM port (COM4) ochib bo'lmadi: could not open port 'COM4': PermissionError(13, 'Отказано в доступе.', None, 5)
   Tekshiring:
   1. URIT-50 qurilmasi ulanganmi?
   2. COM4 port mavjudmi? (Device Manager)
   3. Port boshqa dastur tomonidan ishlatilmoqdami?
   4. Port nomi to'g'rimi? (Hozirgi: COM4)

⚠️ COM port ochilmadi yoki ma'lumot kelmadi. 5 soniyadan keyin qayta uriniladi...

============================================================
📡 Yangi tahlilni yuborish uchun URIT'da RS232 tugmasini bosing...
📷 Yoki avval barcode skanerlang (kod_yollanma yoki natija_kodi)
============================================================
⚠️ COM port (COM4) ochib bo'lmadi: could not open port 'COM4': PermissionError(13, 'Отказано в доступе.', None, 5)
   Tekshiring:
   1. URIT-50 qurilmasi ulanganmi?
   2. COM4 port mavjudmi? (Device Manager)
   3. Port boshqa dastur tomonidan ishlatilmoqdami?
   4. Port nomi to'g'rimi? (Hozirgi: COM4)

⚠️ COM port ochilmadi yoki ma'lumot kelmadi. 5 soniyadan keyin qayta uriniladi...

============================================================
📡 Yangi tahlilni yuborish uchun URIT'da RS232 tugmasini bosing...
📷 Yoki avval barcode skanerlang (kod_yollanma yoki natija_kodi)
============================================================
⚠️ COM port (COM4) ochib bo'lmadi: could not open port 'COM4': PermissionError(13, 'Отказано в доступе.', None, 5)
   Tekshiring:
   1. URIT-50 qurilmasi ulanganmi?
   2. COM4 port mavjudmi? (Device Manager)
   3. Port boshqa dastur tomonidan ishlatilmoqdami?
   4. Port nomi to'g'rimi? (Hozirgi: COM4)

⚠️ COM port ochilmadi yoki ma'lumot kelmadi. 5 soniyadan keyin qayta uriniladi...

============================================================
📡 Yangi tahlilni yuborish uchun URIT'da RS232 tugmasini bosing...
📷 Yoki avval barcode skanerlang (kod_yollanma yoki natija_kodi)
============================================================
⚠️ COM port (COM4) ochib bo'lmadi: could not open port 'COM4': PermissionError(13, 'Отказано в доступе.', None, 5)
   Tekshiring:
   1. URIT-50 qurilmasi ulanganmi?
   2. COM4 port mavjudmi? (Device Manager)
   3. Port boshqa dastur tomonidan ishlatilmoqdami?
   4. Port nomi to'g'rimi? (Hozirgi: COM4)

⚠️ COM port ochilmadi yoki ma'lumot kelmadi. 5 soniyadan keyin qayta uriniladi...

============================================================
📡 Yangi tahlilni yuborish uchun URIT'da RS232 tugmasini bosing...
📷 Yoki avval barcode skanerlang (kod_yollanma yoki natija_kodi)
============================================================
⚠️ COM port (COM4) ochib bo'lmadi: could not open port 'COM4': PermissionError(13, 'Отказано в доступе.', None, 5)
   Tekshiring:
   1. URIT-50 qurilmasi ulanganmi?
   2. COM4 port mavjudmi? (Device Manager)
   3. Port boshqa dastur tomonidan ishlatilmoqdami?
   4. Port nomi to'g'rimi? (Hozirgi: COM4)

⚠️ COM port ochilmadi yoki ma'lumot kelmadi. 5 soniyadan keyin qayta uriniladi...

============================================================
📡 Yangi tahlilni yuborish uchun URIT'da RS232 tugmasini bosing...
📷 Yoki avval barcode skanerlang (kod_yollanma yoki natija_kodi)
============================================================
⚠️ COM port (COM4) ochib bo'lmadi: could not open port 'COM4': PermissionError(13, 'Отказано в доступе.', None, 5)
   Tekshiring:
   1. URIT-50 qurilmasi ulanganmi?
   2. COM4 port mavjudmi? (Device Manager)
   3. Port boshqa dastur tomonidan ishlatilmoqdami?
   4. Port nomi to'g'rimi? (Hozirgi: COM4)

⚠️ COM port ochilmadi yoki ma'lumot kelmadi. 5 soniyadan keyin qayta uriniladi...

============================================================
📡 Yangi tahlilni yuborish uchun URIT'da RS232 tugmasini bosing...
📷 Yoki avval barcode skanerlang (kod_yollanma yoki natija_kodi)
============================================================
⚠️ COM port (COM4) ochib bo'lmadi: could not open port 'COM4': PermissionError(13, 'Отказано в доступе.', None, 5)
   Tekshiring:
   1. URIT-50 qurilmasi ulanganmi?
   2. COM4 port mavjudmi? (Device Manager)
   3. Port boshqa dastur tomonidan ishlatilmoqdami?
   4. Port nomi to'g'rimi? (Hozirgi: COM4)

⚠️ COM port ochilmadi yoki ma'lumot kelmadi. 5 soniyadan keyin qayta uriniladi...

============================================================
📡 Yangi tahlilni yuborish uchun URIT'da RS232 tugmasini bosing...
📷 Yoki avval barcode skanerlang (kod_yollanma yoki natija_kodi)
============================================================
⚠️ COM port (COM4) ochib bo'lmadi: could not open port 'COM4': PermissionError(13, 'Отказано в доступе.', None, 5)
   Tekshiring:
   1. URIT-50 qurilmasi ulanganmi?
   2. COM4 port mavjudmi? (Device Manager)
   3. Port boshqa dastur tomonidan ishlatilmoqdami?
   4. Port nomi to'g'rimi? (Hozirgi: COM4)

⚠️ COM port ochilmadi yoki ma'lumot kelmadi. 5 soniyadan keyin qayta uriniladi...

============================================================
📡 Yangi tahlilni yuborish uchun URIT'da RS232 tugmasini bosing...
📷 Yoki avval barcode skanerlang (kod_yollanma yoki natija_kodi)
============================================================
⚠️ COM port (COM4) ochib bo'lmadi: could not open port 'COM4': PermissionError(13, 'Отказано в доступе.', None, 5)
   Tekshiring:
   1. URIT-50 qurilmasi ulanganmi?
   2. COM4 port mavjudmi? (Device Manager)
   3. Port boshqa dastur tomonidan ishlatilmoqdami?
   4. Port nomi to'g'rimi? (Hozirgi: COM4)

⚠️ COM port ochilmadi yoki ma'lumot kelmadi. 5 soniyadan keyin qayta uriniladi...

============================================================
📡 Yangi tahlilni yuborish uchun URIT'da RS232 tugmasini bosing...
📷 Yoki avval barcode skanerlang (kod_yollanma yoki natija_kodi)
============================================================
⚠️ COM port (COM4) ochib bo'lmadi: could not open port 'COM4': PermissionError(13, 'Отказано в доступе.', None, 5)
   Tekshiring:
   1. URIT-50 qurilmasi ulanganmi?
   2. COM4 port mavjudmi? (Device Manager)
   3. Port boshqa dastur tomonidan ishlatilmoqdami?
   4. Port nomi to'g'rimi? (Hozirgi: COM4)

⚠️ COM port ochilmadi yoki ma'lumot kelmadi. 5 soniyadan keyin qayta uriniladi...

============================================================
📡 Yangi tahlilni yuborish uchun URIT'da RS232 tugmasini bosing...
📷 Yoki avval barcode skanerlang (kod_yollanma yoki natija_kodi)
============================================================
⚠️ COM port (COM4) ochib bo'lmadi: could not open port 'COM4': PermissionError(13, 'Отказано в доступе.', None, 5)
   Tekshiring:
   1. URIT-50 qurilmasi ulanganmi?
   2. COM4 port mavjudmi? (Device Manager)
   3. Port boshqa dastur tomonidan ishlatilmoqdami?
   4. Port nomi to'g'rimi? (Hozirgi: COM4)

⚠️ COM port ochilmadi yoki ma'lumot kelmadi. 5 soniyadan keyin qayta uriniladi...

============================================================
📡 Yangi tahlilni yuborish uchun URIT'da RS232 tugmasini bosing...
📷 Yoki avval barcode skanerlang (kod_yollanma yoki natija_kodi)
============================================================
⚠️ COM port (COM4) ochib bo'lmadi: could not open port 'COM4': PermissionError(13, 'Отказано в доступе.', None, 5)
   Tekshiring:
   1. URIT-50 qurilmasi ulanganmi?
   2. COM4 port mavjudmi? (Device Manager)
   3. Port boshqa dastur tomonidan ishlatilmoqdami?
   4. Port nomi to'g'rimi? (Hozirgi: COM4)

⚠️ COM port ochilmadi yoki ma'lumot kelmadi. 5 soniyadan keyin qayta uriniladi...

============================================================
📡 Yangi tahlilni yuborish uchun URIT'da RS232 tugmasini bosing...
📷 Yoki avval barcode skanerlang (kod_yollanma yoki natija_kodi)
============================================================
⚠️ COM port (COM4) ochib bo'lmadi: could not open port 'COM4': PermissionError(13, 'Отказано в доступе.', None, 5)
   Tekshiring:
   1. URIT-50 qurilmasi ulanganmi?
   2. COM4 port mavjudmi? (Device Manager)
   3. Port boshqa dastur tomonidan ishlatilmoqdami?
   4. Port nomi to'g'rimi? (Hozirgi: COM4)

⚠️ COM port ochilmadi yoki ma'lumot kelmadi. 5 soniyadan keyin qayta uriniladi...

============================================================
📡 Yangi tahlilni yuborish uchun URIT'da RS232 tugmasini bosing...
📷 Yoki avval barcode skanerlang (kod_yollanma yoki natija_kodi)
============================================================
⚠️ COM port (COM4) ochib bo'lmadi: could not open port 'COM4': PermissionError(13, 'Отказано в доступе.', None, 5)
   Tekshiring:
   1. URIT-50 qurilmasi ulanganmi?
   2. COM4 port mavjudmi? (Device Manager)
   3. Port boshqa dastur tomonidan ishlatilmoqdami?
   4. Port nomi to'g'rimi? (Hozirgi: COM4)

⚠️ COM port ochilmadi yoki ma'lumot kelmadi. 5 soniyadan keyin qayta uriniladi...

============================================================
📡 Yangi tahlilni yuborish uchun URIT'da RS232 tugmasini bosing...
📷 Yoki avval barcode skanerlang (kod_yollanma yoki natija_kodi)
============================================================
⚠️ COM port (COM4) ochib bo'lmadi: could not open port 'COM4': PermissionError(13, 'Отказано в доступе.', None, 5)
   Tekshiring:
   1. URIT-50 qurilmasi ulanganmi?
   2. COM4 port mavjudmi? (Device Manager)
   3. Port boshqa dastur tomonidan ishlatilmoqdami?
   4. Port nomi to'g'rimi? (Hozirgi: COM4)

⚠️ COM port ochilmadi yoki ma'lumot kelmadi. 5 soniyadan keyin qayta uriniladi...

============================================================
📡 Yangi tahlilni yuborish uchun URIT'da RS232 tugmasini bosing...
📷 Yoki avval barcode skanerlang (kod_yollanma yoki natija_kodi)
============================================================
⚠️ COM port (COM4) ochib bo'lmadi: could not open port 'COM4': PermissionError(13, 'Отказано в доступе.', None, 5)
   Tekshiring:
   1. URIT-50 qurilmasi ulanganmi?
   2. COM4 port mavjudmi? (Device Manager)
   3. Port boshqa dastur tomonidan ishlatilmoqdami?
   4. Port nomi to'g'rimi? (Hozirgi: COM4)

⚠️ COM port ochilmadi yoki ma'lumot kelmadi. 5 soniyadan keyin qayta uriniladi...

============================================================
📡 Yangi tahlilni yuborish uchun URIT'da RS232 tugmasini bosing...
📷 Yoki avval barcode skanerlang (kod_yollanma yoki natija_kodi)
============================================================
⚠️ COM port (COM4) ochib bo'lmadi: could not open port 'COM4': PermissionError(13, 'Отказано в доступе.', None, 5)
   Tekshiring:
   1. URIT-50 qurilmasi ulanganmi?
   2. COM4 port mavjudmi? (Device Manager)
   3. Port boshqa dastur tomonidan ishlatilmoqdami?
   4. Port nomi to'g'rimi? (Hozirgi: COM4)

⚠️ COM port ochilmadi yoki ma'lumot kelmadi. 5 soniyadan keyin qayta uriniladi...

============================================================
📡 Yangi tahlilni yuborish uchun URIT'da RS232 tugmasini bosing...
📷 Yoki avval barcode skanerlang (kod_yollanma yoki natija_kodi)
============================================================
⚠️ COM port (COM4) ochib bo'lmadi: could not open port 'COM4': PermissionError(13, 'Отказано в доступе.', None, 5)
   Tekshiring:
   1. URIT-50 qurilmasi ulanganmi?
   2. COM4 port mavjudmi? (Device Manager)
   3. Port boshqa dastur tomonidan ishlatilmoqdami?
   4. Port nomi to'g'rimi? (Hozirgi: COM4)

⚠️ COM port ochilmadi yoki ma'lumot kelmadi. 5 soniyadan keyin qayta uriniladi...

============================================================
📡 Yangi tahlilni yuborish uchun URIT'da RS232 tugmasini bosing...
📷 Yoki avval barcode skanerlang (kod_yollanma yoki natija_kodi)
============================================================
⚠️ COM port (COM4) ochib bo'lmadi: could not open port 'COM4': PermissionError(13, 'Отказано в доступе.', None, 5)
   Tekshiring:
   1. URIT-50 qurilmasi ulanganmi?
   2. COM4 port mavjudmi? (Device Manager)
   3. Port boshqa dastur tomonidan ishlatilmoqdami?
   4. Port nomi to'g'rimi? (Hozirgi: COM4)

⚠️ COM port ochilmadi yoki ma'lumot kelmadi. 5 soniyadan keyin qayta uriniladi...

============================================================
📡 Yangi tahlilni yuborish uchun URIT'da RS232 tugmasini bosing...
📷 Yoki avval barcode skanerlang (kod_yollanma yoki natija_kodi)
============================================================
⚠️ COM port (COM4) ochib bo'lmadi: could not open port 'COM4': PermissionError(13, 'Отказано в доступе.', None, 5)
   Tekshiring:
   1. URIT-50 qurilmasi ulanganmi?
   2. COM4 port mavjudmi? (Device Manager)
   3. Port boshqa dastur tomonidan ishlatilmoqdami?
   4. Port nomi to'g'rimi? (Hozirgi: COM4)

⚠️ COM port ochilmadi yoki ma'lumot kelmadi. 5 soniyadan keyin qayta uriniladi...

============================================================
📡 Yangi tahlilni yuborish uchun URIT'da RS232 tugmasini bosing...
📷 Yoki avval barcode skanerlang (kod_yollanma yoki natija_kodi)
============================================================

======= #1-TAHLIL RAW BLOK =======
  
ID:260319001839
NO.000009 2000-01-01
            05:48:18

 LEU -       0 CELL/uL
 KET -        0 mmol/L
 NIT -   
 URO            Normal
 BIL -        0 umol/L
 GLU -        0 mmol/L
 PRO -           0 g/L
 SG         1.030     
 pH         5.0       
 BLD -       0 CELL/uL
 Vc  -        0 mmol/L
 MA          <=10 mg/L
 Ca         5.0 mmol/L
 CR         8.8 mmol/L
 ACR       <3.4mg/mmol
 





=======================================
📝 RAW saqlandi: G:\DASTUR\URIT 50\Urit\RAW_LOGS\urit_raw_20260319_133923.txt
🆔 URIT-50 dan ID (sample_id) topildi: 260319001839
📅 URIT-50 dan DATE topildi: 2000-01-01
🕐 URIT-50 dan TIME topildi: 05:48:18

--- PARSE QILINGAN NATIJA ---
{'NO': '000009', 'ID': '260319001839', 'DATE': '2000-01-01', 'TIME': '05:48:18', 'LEU': '0 CELL/µL', 'KET': '0 mmol/L', 'NIT': '', 'URO': 'Normal', 'BIL': '0 umol/L', 'GLU': '0 mmol/L', 'PRO': '0 g/L', 'SG': '1.030', 'pH': '5.0', 'BLD': '0 CELL/µL', 'Vc': '0 mmol/L', 'MA': '<=10 mg/L', 'Ca': '5.0 mmol/L', 'CR': '8.8 mmol/L', 'ACR': '<3.4mg/mmol', 'ABNORMAL': []}
🆔 URIT-50 dan kelgan sample_id: 260319001839

🔍 Bemor qidiryapman - Barcode: '260319001839'
✅ Database ulanishi yaratildi (Connection Pooling)
🔍 Barcode qidiryapman: '260319001839'
✅ Bemor topildi: Sadatova Tursunoy
   ID: 1889
   Sample ID: 260319001839
   Kod yo'llanma: 
   Natija kodi: 
   ✅ Tug'ilgan sana topildi: '1977-01-01'

✅ Bemor ma'lumotlari topildi:
   F.I.SH: 'Sadatova Tursunoy' (fish bo'sh bo'lsa, kod_yollanma ishlatildi)
   Yosh: 49
   Tug'ilgan sana: '1977-01-01'
   ID: 1889
   Kod yo'llanma: 
   Natija kodi: 
   Sample ID: 260319001839

============================================================
Blanka yaratishni boshlayapman...
============================================================

--- create_doc_from_data chaqirildi ---
✅ ID topilmasa ham blanka HAR DOIM yaratiladi
   patient_data: {'id': 1889, 'sample_id': '260319001839', 'kod_yollanma': '', 'fish': 'Sadatova Tursunoy', 'yosh': 49, 'jins': 'Ayol', 'tugilgan_sana': datetime.date(1977, 1, 1), 'telefon': '330664777', 'shifokor': "Yo'lldoshev Ro'ziboy", 'natija_kodi': ''}
   fish: 'Sadatova Tursunoy', yosh: '49', tugilgan_sana: '1977-01-01'
TEMPLATE_PATH: G:\DASTUR\URIT 50\blank.docx
Shablon fayl mavjudmi: True
Shablonni ochayapman: G:\DASTUR\URIT 50\blank.docx
OK: Shablon ochildi

🔢 Nomeratsiya (ID raqam) aniqlash:
   patient_data: True
   Sample ID topildi: 260319001839
✅ Yakuniy nomeratsiya: '839'

🕐 Test vaqti (kompyuterdan, har safar yangi): 19.03.2026 13:39
   ⚠️ URIT-50 dan kelgan vaqt e'tiborsiz qoldirildi (analizator vaqti xato bo'lishi mumkin)
   ✅ № o'rniga to'liq ID raqami ko'rsatiladi: '1889'

📝 Placeholderlarni almashtiryapman:
   {SAMPLE}: '000009'
   {DATE_TIME}: '19.03.2026 13:39'
   {FISH}: 'Sadatova Tursunoy'
   {YOSH}: '49'
   {NOMERATSIYA}: '839'
   Bemor ID (№ o'rniga): '1889'
   ✅ {FISH} almashtirildi: 'Sadatova Tursunoy'
   ✅ {ID} almashtirildi: '1889' (to'liq ID)
   ✅ № almashtirildi: '1889' (to'liq ID raqami)
✅ Placeholderlar almashtirildi
   Tug'ilgan yil: '1977' (sana: '1977-01-01')
   📋 Sarlavha qatori topildi va saqlandi: '№  839Siydikning umumiy taxlili №  839Siydikning umumiy taxlili №  839Siydikning umumiy taxlili №  839Siydikning umumiy taxlili №  839Siydikning umumiy taxlili №  839Siydikning umumiy taxlili №  839Siydikning umumiy taxlili №  839Siydikning umumiy taxlili №  839Siydikning umumiy taxlili'
   📋 Sarlavha qatori topildi va saqlandi: 'FIZIK–KIMYOVIY XOSSALARI FIZIK–KIMYOVIY XOSSALARI FIZIK–KIMYOVIY XOSSALARI FIZIK–KIMYOVIY XOSSALARI FIZIK–KIMYOVIY XOSSALARI FIZIK–KIMYOVIY XOSSALARI FIZIK–KIMYOVIY XOSSALARI FIZIK–KIMYOVIY XOSSALARI FIZIK–KIMYOVIY XOSSALARI'
   📋 Sarlavha qatori topildi va saqlandi: 'Ko‘rsatkich Kod Kod Natija Natija Natija Norma Norma O‘lchov birligi'
   📋 Sarlavha qatori topildi va saqlandi: 'Urobilinogen  URO URO    (3.2-16)  normal (3.2-16)  normal Mkmol/l'
   📋 Sarlavha qatori topildi va saqlandi: 'SIYDIK CHO‘KMASI MIKROSKOPIYASI SIYDIK CHO‘KMASI MIKROSKOPIYASI SIYDIK CHO‘KMASI MIKROSKOPIYASI SIYDIK CHO‘KMASI MIKROSKOPIYASI SIYDIK CHO‘KMASI MIKROSKOPIYASI SIYDIK CHO‘KMASI MIKROSKOPIYASI SIYDIK CHO‘KMASI MIKROSKOPIYASI SIYDIK CHO‘KMASI MIKROSKOPIYASI SIYDIK CHO‘KMASI MIKROSKOPIYASI'

============================================================
MIKROSKOPIYA qismini to'ldirish...
============================================================
LEU (biokimyo): 0 CELL/µL
BLD (biokimyo): 0 CELL/µL

Mikroskopiya natijalari:
  WBC: 4-5 (QORA)
  RBC-D: 1-2 (QORA)
  RBC-U: 0-1 (QORA)
  SEC: 2-3 (QORA)
  TEC: - (QORA)
  RTEC: - (QORA)
✅ Mikroskopiya qismi topildi
  ✅ WBC: 4-5 yozildi
  ✅ RBC-D: 1-2 yozildi
  ✅ RBC-U: 0-1 yozildi
============================================================
✅ Mikroskopiya to'ldirildi!
============================================================

🔬 Mikroskopiya qismini to'ldiryapman...
   LEU: '0 CELL/µL' -> format: '0', value: 0
   📋 Mikroskopiya jadvali topildi, WBC qatorini qidiryapman...
   ✅ WBC qatori topildi (mikroskopiya): Ko'rsatkich='Leykotsitlar', Kod='WBC'
   ✅ WBC qatori topildi, 9 ta katak
      Katak 0: 'Leykotsitlar'
      Katak 1: 'WBC'
      Katak 2: '4-5'
      Katak 3: '4-5'
      Katak 4: '4-5'
      Katak 0 tekshirilmoqda: 'Leykotsitlar'
      Katak 1 tekshirilmoqda: 'WBC'
      ✅ WBC kod topildi: ustun 1 ('WBC')
      ✅ Natija ustuni topildi: ustun 2 (koddan keyingi)
   ✅ WBC (Leykotsitlar) natija yozildi: '4-5' -> '4-5' (qora, ustun 2)
   BLD: '0 CELL/µL' -> mikroskopiya qiymatlari hisoblandi
   📋 Mikroskopiya jadvali topildi, RBC kodlarini qidiryapman...
   ✅ RBC-D kodi topildi: Kod ustuni='RBC-D'
   ✅ RBC-D (o'zgargan) natija yozildi: '1-2' -> '1-2' (qora, 2-ustun)
   ✅ RBC-U kodi topildi: Kod ustuni='RBC-U'
   ✅ RBC-U (o'zgarmagan) natija yozildi: '0-1' -> '0-1' (qora, 2-ustun)
✅ Eritrositlar qismi to'ldirildi!
✅ Mikroskopiya qismi to'ldirildi

   ⚠️ Jadval qator balandligini o'rnatishda xato: 'CT_Row' object has no attribute 'tr'
   ⚠️ Jadval qator balandligini o'rnatishda xato: 'CT_Row' object has no attribute 'tr'
   ⚠️ Jadval qator balandligini o'rnatishda xato: 'CT_Row' object has no attribute 'tr'
   ⚠️ Jadval qator balandligini o'rnatishda xato: 'CT_Row' object has no attribute 'tr'
   ⚠️ Jadval qator balandligini o'rnatishda xato: 'CT_Row' object has no attribute 'tr'
   ⚠️ Jadval qator balandligini o'rnatishda xato: 'CT_Row' object has no attribute 'tr'
   ⚠️ Jadval qator balandligini o'rnatishda xato: 'CT_Row' object has no attribute 'tr'
   ⚠️ Jadval qator balandligini o'rnatishda xato: 'CT_Row' object has no attribute 'tr'
   ⚠️ Jadval qator balandligini o'rnatishda xato: 'CT_Row' object has no attribute 'tr'
   ⚠️ Jadval qator balandligini o'rnatishda xato: 'CT_Row' object has no attribute 'tr'
   ⚠️ Jadval qator balandligini o'rnatishda xato: 'CT_Row' object has no attribute 'tr'
   ⚠️ Jadval qator balandligini o'rnatishda xato: 'CT_Row' object has no attribute 'tr'
   ⚠️ Jadval qator balandligini o'rnatishda xato: 'CT_Row' object has no attribute 'tr'
   ⚠️ Jadval qator balandligini o'rnatishda xato: 'CT_Row' object has no attribute 'tr'
   ⚠️ Jadval qator balandligini o'rnatishda xato: 'CT_Row' object has no attribute 'tr'
   ⚠️ Jadval qator balandligini o'rnatishda xato: 'CT_Row' object has no attribute 'tr'
   ⚠️ Jadval qator balandligini o'rnatishda xato: 'CT_Row' object has no attribute 'tr'
   ⚠️ Jadval qator balandligini o'rnatishda xato: 'CT_Row' object has no attribute 'tr'
   ⚠️ Jadval qator balandligini o'rnatishda xato: 'CT_Row' object has no attribute 'tr'
   ⚠️ Jadval qator balandligini o'rnatishda xato: 'CT_Row' object has no attribute 'tr'
   ⚠️ Jadval qator balandligini o'rnatishda xato: 'CT_Row' object has no attribute 'tr'
   ⚠️ Jadval qator balandligini o'rnatishda xato: 'CT_Row' object has no attribute 'tr'
   ⚠️ Jadval qator balandligini o'rnatishda xato: 'CT_Row' object has no attribute 'tr'
   ⚠️ Jadval qator balandligini o'rnatishda xato: 'CT_Row' object has no attribute 'tr'
   ⚠️ Jadval qator balandligini o'rnatishda xato: 'CT_Row' object has no attribute 'tr'
   ⚠️ Jadval qator balandligini o'rnatishda xato: 'CT_Row' object has no attribute 'tr'
   ⚠️ Jadval qator balandligini o'rnatishda xato: 'CT_Row' object has no attribute 'tr'
   ⚠️ Jadval qator balandligini o'rnatishda xato: 'CT_Row' object has no attribute 'tr'
   ⚠️ Jadval qator balandligini o'rnatishda xato: 'CT_Row' object has no attribute 'tr'
   ⚠️ Jadval qator balandligini o'rnatishda xato: 'CT_Row' object has no attribute 'tr'
   ⚠️ Jadval qator balandligini o'rnatishda xato: 'CT_Row' object has no attribute 'tr'
   ⚠️ Jadval qator balandligini o'rnatishda xato: 'CT_Row' object has no attribute 'tr'
   ⚠️ Jadval qator balandligini o'rnatishda xato: 'CT_Row' object has no attribute 'tr'
   ⚠️ Jadval qator balandligini o'rnatishda xato: 'CT_Row' object has no attribute 'tr'
   ⚠️ Jadval qator balandligini o'rnatishda xato: 'CT_Row' object has no attribute 'tr'
   ⚠️ Jadval qator balandligini o'rnatishda xato: 'CT_Row' object has no attribute 'tr'
   ⚠️ Jadval qator balandligini o'rnatishda xato: 'CT_Row' object has no attribute 'tr'

Saqlash papkasi: G:\Қилинган анализлар\19.03.2026
OK: Papka yaratildi yoki mavjud: G:\Қилинган анализлар\19.03.2026

Blanka faylni saqlayapman: G:\Қилинган анализлар\19.03.2026\SIYDIK TAHLILI - 260319001839 Sadatova Tursunoy 1977.docx
   Papka: G:\Қилинган анализлар\19.03.2026
   Fayl nomi: SIYDIK TAHLILI - 260319001839 Sadatova Tursunoy 1977.docx
✅ OK: Word blank saqlandi: G:\Қилинган анализлар\19.03.2026\SIYDIK TAHLILI - 260319001839 Sadatova Tursunoy 1977.docx
   Fayl mavjudmi: True
   Fayl o'lchami: 227043 bayt

✅ OK: Blanka saqlandi:
G:\Қилинган анализлар\19.03.2026\SIYDIK TAHLILI - 260319001839 Sadatova Tursunoy 1977.docx

💾 Bazaga saqlayapman...
💾 Natijalarni bazaga saqlayapman...
   Bemor ID: 1889
   Order ID: 1839
❌ Bazaga saqlashda xatolik: 1054 (42S22): Unknown column 'test_turi' in 'where clause'
✅ Bazaga saqlandi

============================================================
OK: Tahlil yakunlandi. Keyingi tahlil uchun barcode skanerlang...
============================================================

============================================================
📡 Yangi tahlilni yuborish uchun URIT'da RS232 tugmasini bosing...
📷 Yoki avval barcode skanerlang (kod_yollanma yoki natija_kodi)
============================================================

======= #2-TAHLIL RAW BLOK =======
  
ID:260319001840
NO.000010 2000-01-01
            05:49:44

 LEU -       0 CELL/uL
 KET -        0 mmol/L
 NIT -   
 URO            Normal
 BIL -        0 umol/L
 GLU -        0 mmol/L
 PRO -           0 g/L
 SG         1.020     
 pH         6.0       
 BLD -       0 CELL/uL
 Vc  -        0 mmol/L
 MA          <=10 mg/L
 Ca         5.0 mmol/L
 CR         4.4 mmol/L
 ACR       <3.4mg/mmol
 





=======================================
📝 RAW saqlandi: G:\DASTUR\URIT 50\Urit\RAW_LOGS\urit_raw_20260319_134049.txt
🆔 URIT-50 dan ID (sample_id) topildi: 260319001840
📅 URIT-50 dan DATE topildi: 2000-01-01
🕐 URIT-50 dan TIME topildi: 05:49:44

--- PARSE QILINGAN NATIJA ---
{'NO': '000010', 'ID': '260319001840', 'DATE': '2000-01-01', 'TIME': '05:49:44', 'LEU': '0 CELL/µL', 'KET': '0 mmol/L', 'NIT': '', 'URO': 'Normal', 'BIL': '0 umol/L', 'GLU': '0 mmol/L', 'PRO': '0 g/L', 'SG': '1.020', 'pH': '6.0', 'BLD': '0 CELL/µL', 'Vc': '0 mmol/L', 'MA': '<=10 mg/L', 'Ca': '5.0 mmol/L', 'CR': '4.4 mmol/L', 'ACR': '<3.4mg/mmol', 'ABNORMAL': []}
🆔 URIT-50 dan kelgan sample_id: 260319001840

🔍 Bemor qidiryapman - Barcode: '260319001840'
✅ Database ulanishi yaratildi (Connection Pooling)
🔍 Barcode qidiryapman: '260319001840'
✅ Bemor topildi: Ro'zimurodova Parizoda
   ID: 1890
   Sample ID: 260319001840
   Kod yo'llanma: 
   Natija kodi: 
   ✅ Tug'ilgan sana topildi: '2022-01-01'

✅ Bemor ma'lumotlari topildi:
   F.I.SH: 'Ro'zimurodova Parizoda' (fish bo'sh bo'lsa, kod_yollanma ishlatildi)
   Yosh: 4
   Tug'ilgan sana: '2022-01-01'
   ID: 1890
   Kod yo'llanma: 
   Natija kodi: 
   Sample ID: 260319001840

============================================================
Blanka yaratishni boshlayapman...
============================================================

--- create_doc_from_data chaqirildi ---
✅ ID topilmasa ham blanka HAR DOIM yaratiladi
   patient_data: {'id': 1890, 'sample_id': '260319001840', 'kod_yollanma': '', 'fish': "Ro'zimurodova Parizoda", 'yosh': 4, 'jins': 'Ayol', 'tugilgan_sana': datetime.date(2022, 1, 1), 'telefon': '991130293', 'shifokor': '1', 'natija_kodi': ''}
   fish: 'Ro'zimurodova Parizoda', yosh: '4', tugilgan_sana: '2022-01-01'
TEMPLATE_PATH: G:\DASTUR\URIT 50\blank.docx
Shablon fayl mavjudmi: True
Shablonni ochayapman: G:\DASTUR\URIT 50\blank.docx
OK: Shablon ochildi

🔢 Nomeratsiya (ID raqam) aniqlash:
   patient_data: True
   Sample ID topildi: 260319001840
✅ Yakuniy nomeratsiya: '840'

🕐 Test vaqti (kompyuterdan, har safar yangi): 19.03.2026 13:40
   ⚠️ URIT-50 dan kelgan vaqt e'tiborsiz qoldirildi (analizator vaqti xato bo'lishi mumkin)
   ✅ № o'rniga to'liq ID raqami ko'rsatiladi: '1890'

📝 Placeholderlarni almashtiryapman:
   {SAMPLE}: '000010'
   {DATE_TIME}: '19.03.2026 13:40'
   {FISH}: 'Ro'zimurodova Parizoda'
   {YOSH}: '4'
   {NOMERATSIYA}: '840'
   Bemor ID (№ o'rniga): '1890'
   ✅ {FISH} almashtirildi: 'Ro'zimurodova Parizoda'
   ✅ {ID} almashtirildi: '1890' (to'liq ID)
   ✅ № almashtirildi: '1890' (to'liq ID raqami)
✅ Placeholderlar almashtirildi
   Tug'ilgan yil: '2022' (sana: '2022-01-01')
   📋 Sarlavha qatori topildi va saqlandi: '№  840Siydikning umumiy taxlili №  840Siydikning umumiy taxlili №  840Siydikning umumiy taxlili №  840Siydikning umumiy taxlili №  840Siydikning umumiy taxlili №  840Siydikning umumiy taxlili №  840Siydikning umumiy taxlili №  840Siydikning umumiy taxlili №  840Siydikning umumiy taxlili'
   📋 Sarlavha qatori topildi va saqlandi: 'FIZIK–KIMYOVIY XOSSALARI FIZIK–KIMYOVIY XOSSALARI FIZIK–KIMYOVIY XOSSALARI FIZIK–KIMYOVIY XOSSALARI FIZIK–KIMYOVIY XOSSALARI FIZIK–KIMYOVIY XOSSALARI FIZIK–KIMYOVIY XOSSALARI FIZIK–KIMYOVIY XOSSALARI FIZIK–KIMYOVIY XOSSALARI'
   📋 Sarlavha qatori topildi va saqlandi: 'Ko‘rsatkich Kod Kod Natija Natija Natija Norma Norma O‘lchov birligi'
   📋 Sarlavha qatori topildi va saqlandi: 'Urobilinogen  URO URO    (3.2-16)  normal (3.2-16)  normal Mkmol/l'
   📋 Sarlavha qatori topildi va saqlandi: 'SIYDIK CHO‘KMASI MIKROSKOPIYASI SIYDIK CHO‘KMASI MIKROSKOPIYASI SIYDIK CHO‘KMASI MIKROSKOPIYASI SIYDIK CHO‘KMASI MIKROSKOPIYASI SIYDIK CHO‘KMASI MIKROSKOPIYASI SIYDIK CHO‘KMASI MIKROSKOPIYASI SIYDIK CHO‘KMASI MIKROSKOPIYASI SIYDIK CHO‘KMASI MIKROSKOPIYASI SIYDIK CHO‘KMASI MIKROSKOPIYASI'

============================================================
MIKROSKOPIYA qismini to'ldirish...
============================================================
LEU (biokimyo): 0 CELL/µL
BLD (biokimyo): 0 CELL/µL

Mikroskopiya natijalari:
  WBC: 4-5 (QORA)
  RBC-D: 1-2 (QORA)
  RBC-U: 0-1 (QORA)
  SEC: 2-3 (QORA)
  TEC: - (QORA)
  RTEC: - (QORA)
✅ Mikroskopiya qismi topildi
  ✅ WBC: 4-5 yozildi
  ✅ RBC-D: 1-2 yozildi
  ✅ RBC-U: 0-1 yozildi
============================================================
✅ Mikroskopiya to'ldirildi!
============================================================

🔬 Mikroskopiya qismini to'ldiryapman...
   LEU: '0 CELL/µL' -> format: '0', value: 0
   📋 Mikroskopiya jadvali topildi, WBC qatorini qidiryapman...
   ✅ WBC qatori topildi (mikroskopiya): Ko'rsatkich='Leykotsitlar', Kod='WBC'
   ✅ WBC qatori topildi, 9 ta katak
      Katak 0: 'Leykotsitlar'
      Katak 1: 'WBC'
      Katak 2: '4-5'
      Katak 3: '4-5'
      Katak 4: '4-5'
      Katak 0 tekshirilmoqda: 'Leykotsitlar'
      Katak 1 tekshirilmoqda: 'WBC'
      ✅ WBC kod topildi: ustun 1 ('WBC')
      ✅ Natija ustuni topildi: ustun 2 (koddan keyingi)
   ✅ WBC (Leykotsitlar) natija yozildi: '4-5' -> '4-5' (qora, ustun 2)
   BLD: '0 CELL/µL' -> mikroskopiya qiymatlari hisoblandi
   📋 Mikroskopiya jadvali topildi, RBC kodlarini qidiryapman...
   ✅ RBC-D kodi topildi: Kod ustuni='RBC-D'
   ✅ RBC-D (o'zgargan) natija yozildi: '1-2' -> '1-2' (qora, 2-ustun)
   ✅ RBC-U kodi topildi: Kod ustuni='RBC-U'
   ✅ RBC-U (o'zgarmagan) natija yozildi: '0-1' -> '0-1' (qora, 2-ustun)
✅ Eritrositlar qismi to'ldirildi!
✅ Mikroskopiya qismi to'ldirildi

   ⚠️ Jadval qator balandligini o'rnatishda xato: 'CT_Row' object has no attribute 'tr'
   ⚠️ Jadval qator balandligini o'rnatishda xato: 'CT_Row' object has no attribute 'tr'
   ⚠️ Jadval qator balandligini o'rnatishda xato: 'CT_Row' object has no attribute 'tr'
   ⚠️ Jadval qator balandligini o'rnatishda xato: 'CT_Row' object has no attribute 'tr'
   ⚠️ Jadval qator balandligini o'rnatishda xato: 'CT_Row' object has no attribute 'tr'
   ⚠️ Jadval qator balandligini o'rnatishda xato: 'CT_Row' object has no attribute 'tr'
   ⚠️ Jadval qator balandligini o'rnatishda xato: 'CT_Row' object has no attribute 'tr'
   ⚠️ Jadval qator balandligini o'rnatishda xato: 'CT_Row' object has no attribute 'tr'
   ⚠️ Jadval qator balandligini o'rnatishda xato: 'CT_Row' object has no attribute 'tr'
   ⚠️ Jadval qator balandligini o'rnatishda xato: 'CT_Row' object has no attribute 'tr'
   ⚠️ Jadval qator balandligini o'rnatishda xato: 'CT_Row' object has no attribute 'tr'
   ⚠️ Jadval qator balandligini o'rnatishda xato: 'CT_Row' object has no attribute 'tr'
   ⚠️ Jadval qator balandligini o'rnatishda xato: 'CT_Row' object has no attribute 'tr'
   ⚠️ Jadval qator balandligini o'rnatishda xato: 'CT_Row' object has no attribute 'tr'
   ⚠️ Jadval qator balandligini o'rnatishda xato: 'CT_Row' object has no attribute 'tr'
   ⚠️ Jadval qator balandligini o'rnatishda xato: 'CT_Row' object has no attribute 'tr'
   ⚠️ Jadval qator balandligini o'rnatishda xato: 'CT_Row' object has no attribute 'tr'
   ⚠️ Jadval qator balandligini o'rnatishda xato: 'CT_Row' object has no attribute 'tr'
   ⚠️ Jadval qator balandligini o'rnatishda xato: 'CT_Row' object has no attribute 'tr'
   ⚠️ Jadval qator balandligini o'rnatishda xato: 'CT_Row' object has no attribute 'tr'
   ⚠️ Jadval qator balandligini o'rnatishda xato: 'CT_Row' object has no attribute 'tr'
   ⚠️ Jadval qator balandligini o'rnatishda xato: 'CT_Row' object has no attribute 'tr'
   ⚠️ Jadval qator balandligini o'rnatishda xato: 'CT_Row' object has no attribute 'tr'
   ⚠️ Jadval qator balandligini o'rnatishda xato: 'CT_Row' object has no attribute 'tr'
   ⚠️ Jadval qator balandligini o'rnatishda xato: 'CT_Row' object has no attribute 'tr'
   ⚠️ Jadval qator balandligini o'rnatishda xato: 'CT_Row' object has no attribute 'tr'
   ⚠️ Jadval qator balandligini o'rnatishda xato: 'CT_Row' object has no attribute 'tr'
   ⚠️ Jadval qator balandligini o'rnatishda xato: 'CT_Row' object has no attribute 'tr'
   ⚠️ Jadval qator balandligini o'rnatishda xato: 'CT_Row' object has no attribute 'tr'
   ⚠️ Jadval qator balandligini o'rnatishda xato: 'CT_Row' object has no attribute 'tr'
   ⚠️ Jadval qator balandligini o'rnatishda xato: 'CT_Row' object has no attribute 'tr'
   ⚠️ Jadval qator balandligini o'rnatishda xato: 'CT_Row' object has no attribute 'tr'
   ⚠️ Jadval qator balandligini o'rnatishda xato: 'CT_Row' object has no attribute 'tr'
   ⚠️ Jadval qator balandligini o'rnatishda xato: 'CT_Row' object has no attribute 'tr'
   ⚠️ Jadval qator balandligini o'rnatishda xato: 'CT_Row' object has no attribute 'tr'
   ⚠️ Jadval qator balandligini o'rnatishda xato: 'CT_Row' object has no attribute 'tr'
   ⚠️ Jadval qator balandligini o'rnatishda xato: 'CT_Row' object has no attribute 'tr'

Saqlash papkasi: G:\Қилинган анализлар\19.03.2026
OK: Papka yaratildi yoki mavjud: G:\Қилинган анализлар\19.03.2026

Blanka faylni saqlayapman: G:\Қилинган анализлар\19.03.2026\SIYDIK TAHLILI - 260319001840 Ro'zimurodova Parizoda 2022.docx
   Papka: G:\Қилинган анализлар\19.03.2026
   Fayl nomi: SIYDIK TAHLILI - 260319001840 Ro'zimurodova Parizoda 2022.docx
✅ OK: Word blank saqlandi: G:\Қилинган анализлар\19.03.2026\SIYDIK TAHLILI - 260319001840 Ro'zimurodova Parizoda 2022.docx
   Fayl mavjudmi: True
   Fayl o'lchami: 227041 bayt

✅ OK: Blanka saqlandi:
G:\Қилинган анализлар\19.03.2026\SIYDIK TAHLILI - 260319001840 Ro'zimurodova Parizoda 2022.docx

💾 Bazaga saqlayapman...
💾 Natijalarni bazaga saqlayapman...
   Bemor ID: 1890
   Order ID: 1840
❌ Bazaga saqlashda xatolik: 1054 (42S22): Unknown column 'test_turi' in 'where clause'
✅ Bazaga saqlandi

============================================================
OK: Tahlil yakunlandi. Keyingi tahlil uchun barcode skanerlang...
============================================================

============================================================
📡 Yangi tahlilni yuborish uchun URIT'da RS232 tugmasini bosing...
📷 Yoki avval barcode skanerlang (kod_yollanma yoki natija_kodi)
============================================================

======= #3-TAHLIL RAW BLOK =======
  
ID:260319001841
NO.000011 2000-01-01
            05:51:07

 LEU -       0 CELL/uL
 KET -        0 mmol/L
 NIT -   
 URO            Normal
 BIL -        0 umol/L
 GLU -        0 mmol/L
 PRO -           0 g/L
 SG         1.020     
 pH         7.0       
 BLD -       0 CELL/uL
 Vc  -        0 mmol/L
 MA          <=10 mg/L
 Ca         7.5 mmol/L
 CR         4.4 mmol/L
 ACR       <3.4mg/mmol
 





=======================================
📝 RAW saqlandi: G:\DASTUR\URIT 50\Urit\RAW_LOGS\urit_raw_20260319_134212.txt
🆔 URIT-50 dan ID (sample_id) topildi: 260319001841
📅 URIT-50 dan DATE topildi: 2000-01-01
🕐 URIT-50 dan TIME topildi: 05:51:07

--- PARSE QILINGAN NATIJA ---
{'NO': '000011', 'ID': '260319001841', 'DATE': '2000-01-01', 'TIME': '05:51:07', 'LEU': '0 CELL/µL', 'KET': '0 mmol/L', 'NIT': '', 'URO': 'Normal', 'BIL': '0 umol/L', 'GLU': '0 mmol/L', 'PRO': '0 g/L', 'SG': '1.020', 'pH': '7.0', 'BLD': '0 CELL/µL', 'Vc': '0 mmol/L', 'MA': '<=10 mg/L', 'Ca': '7.5 mmol/L', 'CR': '4.4 mmol/L', 'ACR': '<3.4mg/mmol', 'ABNORMAL': []}
🆔 URIT-50 dan kelgan sample_id: 260319001841

🔍 Bemor qidiryapman - Barcode: '260319001841'
✅ Database ulanishi yaratildi (Connection Pooling)
🔍 Barcode qidiryapman: '260319001841'
✅ Bemor topildi: Aliqulov Yusuf
   ID: 1891
   Sample ID: 260319001841
   Kod yo'llanma: 
   Natija kodi: 
   ✅ Tug'ilgan sana topildi: '2006-01-01'

✅ Bemor ma'lumotlari topildi:
   F.I.SH: 'Aliqulov Yusuf' (fish bo'sh bo'lsa, kod_yollanma ishlatildi)
   Yosh: 20
   Tug'ilgan sana: '2006-01-01'
   ID: 1891
   Kod yo'llanma: 
   Natija kodi: 
   Sample ID: 260319001841

============================================================
Blanka yaratishni boshlayapman...
============================================================

--- create_doc_from_data chaqirildi ---
✅ ID topilmasa ham blanka HAR DOIM yaratiladi
   patient_data: {'id': 1891, 'sample_id': '260319001841', 'kod_yollanma': '', 'fish': 'Aliqulov Yusuf', 'yosh': 20, 'jins': 'Erkak', 'tugilgan_sana': datetime.date(2006, 1, 1), 'telefon': '994233608', 'shifokor': 'Qurbonova Sojida', 'natija_kodi': ''}
   fish: 'Aliqulov Yusuf', yosh: '20', tugilgan_sana: '2006-01-01'
TEMPLATE_PATH: G:\DASTUR\URIT 50\blank.docx
Shablon fayl mavjudmi: True
Shablonni ochayapman: G:\DASTUR\URIT 50\blank.docx
OK: Shablon ochildi

🔢 Nomeratsiya (ID raqam) aniqlash:
   patient_data: True
   Sample ID topildi: 260319001841
✅ Yakuniy nomeratsiya: '841'

🕐 Test vaqti (kompyuterdan, har safar yangi): 19.03.2026 13:42
   ⚠️ URIT-50 dan kelgan vaqt e'tiborsiz qoldirildi (analizator vaqti xato bo'lishi mumkin)
   ✅ № o'rniga to'liq ID raqami ko'rsatiladi: '1891'

📝 Placeholderlarni almashtiryapman:
   {SAMPLE}: '000011'
   {DATE_TIME}: '19.03.2026 13:42'
   {FISH}: 'Aliqulov Yusuf'
   {YOSH}: '20'
   {NOMERATSIYA}: '841'
   Bemor ID (№ o'rniga): '1891'
   ✅ {FISH} almashtirildi: 'Aliqulov Yusuf'
   ✅ {ID} almashtirildi: '1891' (to'liq ID)
   ✅ № almashtirildi: '1891' (to'liq ID raqami)
✅ Placeholderlar almashtirildi
   Tug'ilgan yil: '2006' (sana: '2006-01-01')
   📋 Sarlavha qatori topildi va saqlandi: '№  841Siydikning umumiy taxlili №  841Siydikning umumiy taxlili №  841Siydikning umumiy taxlili №  841Siydikning umumiy taxlili №  841Siydikning umumiy taxlili №  841Siydikning umumiy taxlili №  841Siydikning umumiy taxlili №  841Siydikning umumiy taxlili №  841Siydikning umumiy taxlili'
   📋 Sarlavha qatori topildi va saqlandi: 'FIZIK–KIMYOVIY XOSSALARI FIZIK–KIMYOVIY XOSSALARI FIZIK–KIMYOVIY XOSSALARI FIZIK–KIMYOVIY XOSSALARI FIZIK–KIMYOVIY XOSSALARI FIZIK–KIMYOVIY XOSSALARI FIZIK–KIMYOVIY XOSSALARI FIZIK–KIMYOVIY XOSSALARI FIZIK–KIMYOVIY XOSSALARI'
   📋 Sarlavha qatori topildi va saqlandi: 'Ko‘rsatkich Kod Kod Natija Natija Natija Norma Norma O‘lchov birligi'
   📋 Sarlavha qatori topildi va saqlandi: 'Urobilinogen  URO URO    (3.2-16)  normal (3.2-16)  normal Mkmol/l'
   📋 Sarlavha qatori topildi va saqlandi: 'SIYDIK CHO‘KMASI MIKROSKOPIYASI SIYDIK CHO‘KMASI MIKROSKOPIYASI SIYDIK CHO‘KMASI MIKROSKOPIYASI SIYDIK CHO‘KMASI MIKROSKOPIYASI SIYDIK CHO‘KMASI MIKROSKOPIYASI SIYDIK CHO‘KMASI MIKROSKOPIYASI SIYDIK CHO‘KMASI MIKROSKOPIYASI SIYDIK CHO‘KMASI MIKROSKOPIYASI SIYDIK CHO‘KMASI MIKROSKOPIYASI'

============================================================
MIKROSKOPIYA qismini to'ldirish...
============================================================
LEU (biokimyo): 0 CELL/µL
BLD (biokimyo): 0 CELL/µL

Mikroskopiya natijalari:
  WBC: 4-5 (QORA)
  RBC-D: 1-2 (QORA)
  RBC-U: 0-1 (QORA)
  SEC: 2-3 (QORA)
  TEC: - (QORA)
  RTEC: - (QORA)
✅ Mikroskopiya qismi topildi
  ✅ WBC: 4-5 yozildi
  ✅ RBC-D: 1-2 yozildi
  ✅ RBC-U: 0-1 yozildi
============================================================
✅ Mikroskopiya to'ldirildi!
============================================================

🔬 Mikroskopiya qismini to'ldiryapman...
   LEU: '0 CELL/µL' -> format: '0', value: 0
   📋 Mikroskopiya jadvali topildi, WBC qatorini qidiryapman...
   ✅ WBC qatori topildi (mikroskopiya): Ko'rsatkich='Leykotsitlar', Kod='WBC'
   ✅ WBC qatori topildi, 9 ta katak
      Katak 0: 'Leykotsitlar'
      Katak 1: 'WBC'
      Katak 2: '4-5'
      Katak 3: '4-5'
      Katak 4: '4-5'
      Katak 0 tekshirilmoqda: 'Leykotsitlar'
      Katak 1 tekshirilmoqda: 'WBC'
      ✅ WBC kod topildi: ustun 1 ('WBC')
      ✅ Natija ustuni topildi: ustun 2 (koddan keyingi)
   ✅ WBC (Leykotsitlar) natija yozildi: '4-5' -> '4-5' (qora, ustun 2)
   BLD: '0 CELL/µL' -> mikroskopiya qiymatlari hisoblandi
   📋 Mikroskopiya jadvali topildi, RBC kodlarini qidiryapman...
   ✅ RBC-D kodi topildi: Kod ustuni='RBC-D'
   ✅ RBC-D (o'zgargan) natija yozildi: '1-2' -> '1-2' (qora, 2-ustun)
   ✅ RBC-U kodi topildi: Kod ustuni='RBC-U'
   ✅ RBC-U (o'zgarmagan) natija yozildi: '0-1' -> '0-1' (qora, 2-ustun)
✅ Eritrositlar qismi to'ldirildi!
✅ Mikroskopiya qismi to'ldirildi

   ⚠️ Jadval qator balandligini o'rnatishda xato: 'CT_Row' object has no attribute 'tr'
   ⚠️ Jadval qator balandligini o'rnatishda xato: 'CT_Row' object has no attribute 'tr'
   ⚠️ Jadval qator balandligini o'rnatishda xato: 'CT_Row' object has no attribute 'tr'
   ⚠️ Jadval qator balandligini o'rnatishda xato: 'CT_Row' object has no attribute 'tr'
   ⚠️ Jadval qator balandligini o'rnatishda xato: 'CT_Row' object has no attribute 'tr'
   ⚠️ Jadval qator balandligini o'rnatishda xato: 'CT_Row' object has no attribute 'tr'
   ⚠️ Jadval qator balandligini o'rnatishda xato: 'CT_Row' object has no attribute 'tr'
   ⚠️ Jadval qator balandligini o'rnatishda xato: 'CT_Row' object has no attribute 'tr'
   ⚠️ Jadval qator balandligini o'rnatishda xato: 'CT_Row' object has no attribute 'tr'
   ⚠️ Jadval qator balandligini o'rnatishda xato: 'CT_Row' object has no attribute 'tr'
   ⚠️ Jadval qator balandligini o'rnatishda xato: 'CT_Row' object has no attribute 'tr'
   ⚠️ Jadval qator balandligini o'rnatishda xato: 'CT_Row' object has no attribute 'tr'
   ⚠️ Jadval qator balandligini o'rnatishda xato: 'CT_Row' object has no attribute 'tr'
   ⚠️ Jadval qator balandligini o'rnatishda xato: 'CT_Row' object has no attribute 'tr'
   ⚠️ Jadval qator balandligini o'rnatishda xato: 'CT_Row' object has no attribute 'tr'
   ⚠️ Jadval qator balandligini o'rnatishda xato: 'CT_Row' object has no attribute 'tr'
   ⚠️ Jadval qator balandligini o'rnatishda xato: 'CT_Row' object has no attribute 'tr'
   ⚠️ Jadval qator balandligini o'rnatishda xato: 'CT_Row' object has no attribute 'tr'
   ⚠️ Jadval qator balandligini o'rnatishda xato: 'CT_Row' object has no attribute 'tr'
   ⚠️ Jadval qator balandligini o'rnatishda xato: 'CT_Row' object has no attribute 'tr'
   ⚠️ Jadval qator balandligini o'rnatishda xato: 'CT_Row' object has no attribute 'tr'
   ⚠️ Jadval qator balandligini o'rnatishda xato: 'CT_Row' object has no attribute 'tr'
   ⚠️ Jadval qator balandligini o'rnatishda xato: 'CT_Row' object has no attribute 'tr'
   ⚠️ Jadval qator balandligini o'rnatishda xato: 'CT_Row' object has no attribute 'tr'
   ⚠️ Jadval qator balandligini o'rnatishda xato: 'CT_Row' object has no attribute 'tr'
   ⚠️ Jadval qator balandligini o'rnatishda xato: 'CT_Row' object has no attribute 'tr'
   ⚠️ Jadval qator balandligini o'rnatishda xato: 'CT_Row' object has no attribute 'tr'
   ⚠️ Jadval qator balandligini o'rnatishda xato: 'CT_Row' object has no attribute 'tr'
   ⚠️ Jadval qator balandligini o'rnatishda xato: 'CT_Row' object has no attribute 'tr'
   ⚠️ Jadval qator balandligini o'rnatishda xato: 'CT_Row' object has no attribute 'tr'
   ⚠️ Jadval qator balandligini o'rnatishda xato: 'CT_Row' object has no attribute 'tr'
   ⚠️ Jadval qator balandligini o'rnatishda xato: 'CT_Row' object has no attribute 'tr'
   ⚠️ Jadval qator balandligini o'rnatishda xato: 'CT_Row' object has no attribute 'tr'
   ⚠️ Jadval qator balandligini o'rnatishda xato: 'CT_Row' object has no attribute 'tr'
   ⚠️ Jadval qator balandligini o'rnatishda xato: 'CT_Row' object has no attribute 'tr'
   ⚠️ Jadval qator balandligini o'rnatishda xato: 'CT_Row' object has no attribute 'tr'
   ⚠️ Jadval qator balandligini o'rnatishda xato: 'CT_Row' object has no attribute 'tr'

Saqlash papkasi: G:\Қилинган анализлар\19.03.2026
OK: Papka yaratildi yoki mavjud: G:\Қилинган анализлар\19.03.2026

Blanka faylni saqlayapman: G:\Қилинган анализлар\19.03.2026\SIYDIK TAHLILI - 260319001841 Aliqulov Yusuf 2006.docx
   Papka: G:\Қилинган анализлар\19.03.2026
   Fayl nomi: SIYDIK TAHLILI - 260319001841 Aliqulov Yusuf 2006.docx
✅ OK: Word blank saqlandi: G:\Қилинган анализлар\19.03.2026\SIYDIK TAHLILI - 260319001841 Aliqulov Yusuf 2006.docx
   Fayl mavjudmi: True
   Fayl o'lchami: 227031 bayt

✅ OK: Blanka saqlandi:
G:\Қилинган анализлар\19.03.2026\SIYDIK TAHLILI - 260319001841 Aliqulov Yusuf 2006.docx

💾 Bazaga saqlayapman...
💾 Natijalarni bazaga saqlayapman...
   Bemor ID: 1891
   Order ID: 1841
❌ Bazaga saqlashda xatolik: 1054 (42S22): Unknown column 'test_turi' in 'where clause'
✅ Bazaga saqlandi

============================================================
OK: Tahlil yakunlandi. Keyingi tahlil uchun barcode skanerlang...
============================================================

============================================================
📡 Yangi tahlilni yuborish uchun URIT'da RS232 tugmasini bosing...
📷 Yoki avval barcode skanerlang (kod_yollanma yoki natija_kodi)
============================================================

======= #4-TAHLIL RAW BLOK =======
  
ID:260318001790
NO.000022 2000-01-01
            04:33:00

*LEU +3    500 CELL/uL
 KET -        0 mmol/L
*NIT +   
 URO            Normal
*BIL +1     8.6 umol/L
 GLU -        0 mmol/L
*PRO +3      >=3.0 g/L
 SG         1.030     
 pH         5.5       
*BLD +3    200 CELL/uL
 Vc  -        0 mmol/L
*MA         >=150 mg/L
 Ca         2.5 mmol/L
*CR       >=26.4mmol/L
*ACR   3.4-33.9mg/mmol
 





=======================================
📝 RAW saqlandi: G:\DASTUR\URIT 50\Urit\RAW_LOGS\urit_raw_20260319_155820.txt
🆔 URIT-50 dan ID (sample_id) topildi: 260318001790
📅 URIT-50 dan DATE topildi: 2000-01-01
🕐 URIT-50 dan TIME topildi: 04:33:00

--- PARSE QILINGAN NATIJA ---
{'NO': '000022', 'ID': '260318001790', 'DATE': '2000-01-01', 'TIME': '04:33:00', 'LEU': '+3    500 CELL/µL', 'KET': '0 mmol/L', 'NIT': '+', 'URO': 'Normal', 'BIL': '+1     8.6 umol/L', 'GLU': '0 mmol/L', 'PRO': '+3      >=3.0 g/L', 'SG': '1.030', 'pH': '5.5', 'BLD': '+3    200 CELL/µL', 'Vc': '0 mmol/L', 'MA': '>=150 mg/L', 'Ca': '2.5 mmol/L', 'CR': '>=26.4mmol/L', 'ACR': '3.4-33.9mg/mmol', 'ABNORMAL': ['ACR', 'BIL', 'MA', 'NIT', 'LEU', 'CR', 'PRO', 'BLD']}
🆔 URIT-50 dan kelgan sample_id: 260318001790

🔍 Bemor qidiryapman - Barcode: '260318001790'
✅ Database ulanishi yaratildi (Connection Pooling)
🔍 Barcode qidiryapman: '260318001790'
✅ Bemor topildi: Xo'shboqov Ilhom
   ID: 1840
   Sample ID: 260318001790
   Kod yo'llanma: 
   Natija kodi: 
   ✅ Tug'ilgan sana topildi: '1987-01-01'

✅ Bemor ma'lumotlari topildi:
   F.I.SH: 'Xo'shboqov Ilhom' (fish bo'sh bo'lsa, kod_yollanma ishlatildi)
   Yosh: 39
   Tug'ilgan sana: '1987-01-01'
   ID: 1840
   Kod yo'llanma: 
   Natija kodi: 
   Sample ID: 260318001790

============================================================
Blanka yaratishni boshlayapman...
============================================================

--- create_doc_from_data chaqirildi ---
✅ ID topilmasa ham blanka HAR DOIM yaratiladi
   patient_data: {'id': 1840, 'sample_id': '260318001790', 'kod_yollanma': '', 'fish': "Xo'shboqov Ilhom", 'yosh': 39, 'jins': 'Erkak', 'tugilgan_sana': datetime.date(1987, 1, 1), 'telefon': '975318887', 'shifokor': '1', 'natija_kodi': ''}
   fish: 'Xo'shboqov Ilhom', yosh: '39', tugilgan_sana: '1987-01-01'
TEMPLATE_PATH: G:\DASTUR\URIT 50\blank.docx
Shablon fayl mavjudmi: True
Shablonni ochayapman: G:\DASTUR\URIT 50\blank.docx
OK: Shablon ochildi

🔢 Nomeratsiya (ID raqam) aniqlash:
   patient_data: True
   Sample ID topildi: 260318001790
✅ Yakuniy nomeratsiya: '790'

🕐 Test vaqti (kompyuterdan, har safar yangi): 19.03.2026 15:58
   ⚠️ URIT-50 dan kelgan vaqt e'tiborsiz qoldirildi (analizator vaqti xato bo'lishi mumkin)
   ✅ № o'rniga to'liq ID raqami ko'rsatiladi: '1840'

📝 Placeholderlarni almashtiryapman:
   {SAMPLE}: '000022'
   {DATE_TIME}: '19.03.2026 15:58'
   {FISH}: 'Xo'shboqov Ilhom'
   {YOSH}: '39'
   {NOMERATSIYA}: '790'
   Bemor ID (№ o'rniga): '1840'
   ✅ {FISH} almashtirildi: 'Xo'shboqov Ilhom'
   ✅ {ID} almashtirildi: '1840' (to'liq ID)
   ✅ № almashtirildi: '1840' (to'liq ID raqami)
✅ Placeholderlar almashtirildi
   Tug'ilgan yil: '1987' (sana: '1987-01-01')
   📋 Sarlavha qatori topildi va saqlandi: '№  790Siydikning umumiy taxlili №  790Siydikning umumiy taxlili №  790Siydikning umumiy taxlili №  790Siydikning umumiy taxlili №  790Siydikning umumiy taxlili №  790Siydikning umumiy taxlili №  790Siydikning umumiy taxlili №  790Siydikning umumiy taxlili №  790Siydikning umumiy taxlili'
   📋 Sarlavha qatori topildi va saqlandi: 'FIZIK–KIMYOVIY XOSSALARI FIZIK–KIMYOVIY XOSSALARI FIZIK–KIMYOVIY XOSSALARI FIZIK–KIMYOVIY XOSSALARI FIZIK–KIMYOVIY XOSSALARI FIZIK–KIMYOVIY XOSSALARI FIZIK–KIMYOVIY XOSSALARI FIZIK–KIMYOVIY XOSSALARI FIZIK–KIMYOVIY XOSSALARI'
   📋 Sarlavha qatori topildi va saqlandi: 'Ko‘rsatkich Kod Kod Natija Natija Natija Norma Norma O‘lchov birligi'
   📋 Sarlavha qatori topildi va saqlandi: 'Urobilinogen  URO URO    (3.2-16)  normal (3.2-16)  normal Mkmol/l'
   📋 Sarlavha qatori topildi va saqlandi: 'SIYDIK CHO‘KMASI MIKROSKOPIYASI SIYDIK CHO‘KMASI MIKROSKOPIYASI SIYDIK CHO‘KMASI MIKROSKOPIYASI SIYDIK CHO‘KMASI MIKROSKOPIYASI SIYDIK CHO‘KMASI MIKROSKOPIYASI SIYDIK CHO‘KMASI MIKROSKOPIYASI SIYDIK CHO‘KMASI MIKROSKOPIYASI SIYDIK CHO‘KMASI MIKROSKOPIYASI SIYDIK CHO‘KMASI MIKROSKOPIYASI'

============================================================
MIKROSKOPIYA qismini to'ldirish...
============================================================
LEU (biokimyo): +3    500 CELL/µL
BLD (biokimyo): +3    200 CELL/µL

Mikroskopiya natijalari:
  WBC: 4-5 (QORA)
  RBC-D: 1-2 (QORA)
  RBC-U: 0-1 (QORA)
  SEC: 2-3 (QORA)
  TEC: - (QORA)
  RTEC: - (QORA)
✅ Mikroskopiya qismi topildi
  ✅ WBC: 4-5 yozildi
  ✅ RBC-D: 1-2 yozildi
  ✅ RBC-U: 0-1 yozildi
============================================================
✅ Mikroskopiya to'ldirildi!
============================================================

🔬 Mikroskopiya qismini to'ldiryapman...
   LEU: '+3    500 CELL/µL' -> format: '+1', value: 3
   📋 Mikroskopiya jadvali topildi, WBC qatorini qidiryapman...
   ✅ WBC qatori topildi (mikroskopiya): Ko'rsatkich='Leykotsitlar', Kod='WBC'
   ✅ WBC qatori topildi, 9 ta katak
      Katak 0: 'Leykotsitlar'
      Katak 1: 'WBC'
      Katak 2: '4-5'
      Katak 3: '4-5'
      Katak 4: '4-5'
      Katak 0 tekshirilmoqda: 'Leykotsitlar'
      Katak 1 tekshirilmoqda: 'WBC'
      ✅ WBC kod topildi: ustun 1 ('WBC')
      ✅ Natija ustuni topildi: ustun 2 (koddan keyingi)
   ✅ WBC (Leykotsitlar) natija yozildi: '4-5' -> '50-60' (qizil, ustun 2)
   BLD: '+3    200 CELL/µL' -> mikroskopiya qiymatlari hisoblandi
   📋 Mikroskopiya jadvali topildi, RBC kodlarini qidiryapman...
   ✅ RBC-D kodi topildi: Kod ustuni='RBC-D'
   ✅ RBC-D (o'zgargan) natija yozildi: '1-2' -> '1-2' (qora, 2-ustun)
   ✅ RBC-U kodi topildi: Kod ustuni='RBC-U'
   ✅ RBC-U (o'zgarmagan) natija yozildi: '0-1' -> '0-1' (qora, 2-ustun)
✅ Eritrositlar qismi to'ldirildi!
   NIT: '+' -> Bakteriyalar: +++
      ✅ BACT kod topildi (Bakteriyalar): ustun 1
   ✅ Bakteriyalar: +++ (qizil, Natija ustuniga)
✅ Mikroskopiya qismi to'ldirildi

   ⚠️ Jadval qator balandligini o'rnatishda xato: 'CT_Row' object has no attribute 'tr'
   ⚠️ Jadval qator balandligini o'rnatishda xato: 'CT_Row' object has no attribute 'tr'
   ⚠️ Jadval qator balandligini o'rnatishda xato: 'CT_Row' object has no attribute 'tr'
   ⚠️ Jadval qator balandligini o'rnatishda xato: 'CT_Row' object has no attribute 'tr'
   ⚠️ Jadval qator balandligini o'rnatishda xato: 'CT_Row' object has no attribute 'tr'
   ⚠️ Jadval qator balandligini o'rnatishda xato: 'CT_Row' object has no attribute 'tr'
   ⚠️ Jadval qator balandligini o'rnatishda xato: 'CT_Row' object has no attribute 'tr'
   ⚠️ Jadval qator balandligini o'rnatishda xato: 'CT_Row' object has no attribute 'tr'
   ⚠️ Jadval qator balandligini o'rnatishda xato: 'CT_Row' object has no attribute 'tr'
   ⚠️ Jadval qator balandligini o'rnatishda xato: 'CT_Row' object has no attribute 'tr'
   ⚠️ Jadval qator balandligini o'rnatishda xato: 'CT_Row' object has no attribute 'tr'
   ⚠️ Jadval qator balandligini o'rnatishda xato: 'CT_Row' object has no attribute 'tr'
   ⚠️ Jadval qator balandligini o'rnatishda xato: 'CT_Row' object has no attribute 'tr'
   ⚠️ Jadval qator balandligini o'rnatishda xato: 'CT_Row' object has no attribute 'tr'
   ⚠️ Jadval qator balandligini o'rnatishda xato: 'CT_Row' object has no attribute 'tr'
   ⚠️ Jadval qator balandligini o'rnatishda xato: 'CT_Row' object has no attribute 'tr'
   ⚠️ Jadval qator balandligini o'rnatishda xato: 'CT_Row' object has no attribute 'tr'
   ⚠️ Jadval qator balandligini o'rnatishda xato: 'CT_Row' object has no attribute 'tr'
   ⚠️ Jadval qator balandligini o'rnatishda xato: 'CT_Row' object has no attribute 'tr'
   ⚠️ Jadval qator balandligini o'rnatishda xato: 'CT_Row' object has no attribute 'tr'
   ⚠️ Jadval qator balandligini o'rnatishda xato: 'CT_Row' object has no attribute 'tr'
   ⚠️ Jadval qator balandligini o'rnatishda xato: 'CT_Row' object has no attribute 'tr'
   ⚠️ Jadval qator balandligini o'rnatishda xato: 'CT_Row' object has no attribute 'tr'
   ⚠️ Jadval qator balandligini o'rnatishda xato: 'CT_Row' object has no attribute 'tr'
   ⚠️ Jadval qator balandligini o'rnatishda xato: 'CT_Row' object has no attribute 'tr'
   ⚠️ Jadval qator balandligini o'rnatishda xato: 'CT_Row' object has no attribute 'tr'
   ⚠️ Jadval qator balandligini o'rnatishda xato: 'CT_Row' object has no attribute 'tr'
   ⚠️ Jadval qator balandligini o'rnatishda xato: 'CT_Row' object has no attribute 'tr'
   ⚠️ Jadval qator balandligini o'rnatishda xato: 'CT_Row' object has no attribute 'tr'
   ⚠️ Jadval qator balandligini o'rnatishda xato: 'CT_Row' object has no attribute 'tr'
   ⚠️ Jadval qator balandligini o'rnatishda xato: 'CT_Row' object has no attribute 'tr'
   ⚠️ Jadval qator balandligini o'rnatishda xato: 'CT_Row' object has no attribute 'tr'
   ⚠️ Jadval qator balandligini o'rnatishda xato: 'CT_Row' object has no attribute 'tr'
   ⚠️ Jadval qator balandligini o'rnatishda xato: 'CT_Row' object has no attribute 'tr'
   ⚠️ Jadval qator balandligini o'rnatishda xato: 'CT_Row' object has no attribute 'tr'
   ⚠️ Jadval qator balandligini o'rnatishda xato: 'CT_Row' object has no attribute 'tr'
   ⚠️ Jadval qator balandligini o'rnatishda xato: 'CT_Row' object has no attribute 'tr'

Saqlash papkasi: G:\Қилинган анализлар\19.03.2026
OK: Papka yaratildi yoki mavjud: G:\Қилинган анализлар\19.03.2026

Blanka faylni saqlayapman: G:\Қилинган анализлар\19.03.2026\SIYDIK TAHLILI - 260318001790 Xo'shboqov Ilhom 1987.docx
   Papka: G:\Қилинган анализлар\19.03.2026
   Fayl nomi: SIYDIK TAHLILI - 260318001790 Xo'shboqov Ilhom 1987.docx
✅ OK: Word blank saqlandi: G:\Қилинган анализлар\19.03.2026\SIYDIK TAHLILI - 260318001790 Xo'shboqov Ilhom 1987.docx
   Fayl mavjudmi: True
   Fayl o'lchami: 227108 bayt

✅ OK: Blanka saqlandi:
G:\Қилинган анализлар\19.03.2026\SIYDIK TAHLILI - 260318001790 Xo'shboqov Ilhom 1987.docx

💾 Bazaga saqlayapman...
💾 Natijalarni bazaga saqlayapman...
   Bemor ID: 1840
   Order ID: 1790
❌ Bazaga saqlashda xatolik: 1054 (42S22): Unknown column 'test_turi' in 'where clause'
✅ Bazaga saqlandi

============================================================
OK: Tahlil yakunlandi. Keyingi tahlil uchun barcode skanerlang...
============================================================

============================================================
📡 Yangi tahlilni yuborish uchun URIT'da RS232 tugmasini bosing...
📷 Yoki avval barcode skanerlang (kod_yollanma yoki natija_kodi)
============================================================
⚠️ COM port (COM4) ochib bo'lmadi: could not open port 'COM4': PermissionError(13, 'Отказано в доступе.', None, 5)
   Tekshiring:
   1. URIT-50 qurilmasi ulanganmi?
   2. COM4 port mavjudmi? (Device Manager)
   3. Port boshqa dastur tomonidan ishlatilmoqdami?
   4. Port nomi to'g'rimi? (Hozirgi: COM4)

⚠️ COM port ochilmadi yoki ma'lumot kelmadi. 5 soniyadan keyin qayta uriniladi...

============================================================
📡 Yangi tahlilni yuborish uchun URIT'da RS232 tugmasini bosing...
📷 Yoki avval barcode skanerlang (kod_yollanma yoki natija_kodi)
============================================================
⚠️ COM port (COM4) ochib bo'lmadi: could not open port 'COM4': PermissionError(13, 'Отказано в доступе.', None, 5)
   Tekshiring:
   1. URIT-50 qurilmasi ulanganmi?
   2. COM4 port mavjudmi? (Device Manager)
   3. Port boshqa dastur tomonidan ishlatilmoqdami?
   4. Port nomi to'g'rimi? (Hozirgi: COM4)

⚠️ COM port ochilmadi yoki ma'lumot kelmadi. 5 soniyadan keyin qayta uriniladi...

============================================================
📡 Yangi tahlilni yuborish uchun URIT'da RS232 tugmasini bosing...
📷 Yoki avval barcode skanerlang (kod_yollanma yoki natija_kodi)
============================================================
⚠️ COM port (COM4) ochib bo'lmadi: could not open port 'COM4': PermissionError(13, 'Отказано в доступе.', None, 5)
   Tekshiring:
   1. URIT-50 qurilmasi ulanganmi?
   2. COM4 port mavjudmi? (Device Manager)
   3. Port boshqa dastur tomonidan ishlatilmoqdami?
   4. Port nomi to'g'rimi? (Hozirgi: COM4)

⚠️ COM port ochilmadi yoki ma'lumot kelmadi. 5 soniyadan keyin qayta uriniladi...

============================================================
📡 Yangi tahlilni yuborish uchun URIT'da RS232 tugmasini bosing...
📷 Yoki avval barcode skanerlang (kod_yollanma yoki natija_kodi)
============================================================
⚠️ COM port (COM4) ochib bo'lmadi: could not open port 'COM4': PermissionError(13, 'Отказано в доступе.', None, 5)
   Tekshiring:
   1. URIT-50 qurilmasi ulanganmi?
   2. COM4 port mavjudmi? (Device Manager)
   3. Port boshqa dastur tomonidan ishlatilmoqdami?
   4. Port nomi to'g'rimi? (Hozirgi: COM4)

⚠️ COM port ochilmadi yoki ma'lumot kelmadi. 5 soniyadan keyin qayta uriniladi...

============================================================
📡 Yangi tahlilni yuborish uchun URIT'da RS232 tugmasini bosing...
📷 Yoki avval barcode skanerlang (kod_yollanma yoki natija_kodi)
============================================================

======= #5-TAHLIL RAW BLOK =======
  
ID:260319001831
NO.000005 2000-01-01
            03:39:48

 LEU -       0 CELL/uL
 KET -        0 mmol/L
 NIT -   
 URO            Normal
 BIL -        0 umol/L
 GLU -        0 mmol/L
 PRO -           0 g/L
 SG         1.010     
 pH         7.5       
 BLD -       0 CELL/uL
 Vc  -        0 mmol/L
 MA          <=10 mg/L
 Ca         5.0 mmol/L
 CR         4.4 mmol/L
 ACR       <3.4mg/mmol
 





=======================================
📝 RAW saqlandi: G:\DASTUR\URIT 50\Urit\RAW_LOGS\urit_raw_20260319_155852.txt
🆔 URIT-50 dan ID (sample_id) topildi: 260319001831
📅 URIT-50 dan DATE topildi: 2000-01-01
🕐 URIT-50 dan TIME topildi: 03:39:48

--- PARSE QILINGAN NATIJA ---
{'NO': '000005', 'ID': '260319001831', 'DATE': '2000-01-01', 'TIME': '03:39:48', 'LEU': '0 CELL/µL', 'KET': '0 mmol/L', 'NIT': '', 'URO': 'Normal', 'BIL': '0 umol/L', 'GLU': '0 mmol/L', 'PRO': '0 g/L', 'SG': '1.010', 'pH': '7.5', 'BLD': '0 CELL/µL', 'Vc': '0 mmol/L', 'MA': '<=10 mg/L', 'Ca': '5.0 mmol/L', 'CR': '4.4 mmol/L', 'ACR': '<3.4mg/mmol', 'ABNORMAL': []}
🆔 URIT-50 dan kelgan sample_id: 260319001831

🔍 Bemor qidiryapman - Barcode: '260319001831'
✅ Database ulanishi yaratildi (Connection Pooling)
🔍 Barcode qidiryapman: '260319001831'
✅ Bemor topildi: Ergashova Dinara
   ID: 1881
   Sample ID: 260319001831
   Kod yo'llanma: 
   Natija kodi: 
   ✅ Tug'ilgan sana topildi: '2001-01-01'

✅ Bemor ma'lumotlari topildi:
   F.I.SH: 'Ergashova Dinara' (fish bo'sh bo'lsa, kod_yollanma ishlatildi)
   Yosh: 25
   Tug'ilgan sana: '2001-01-01'
   ID: 1881
   Kod yo'llanma: 
   Natija kodi: 
   Sample ID: 260319001831

============================================================
Blanka yaratishni boshlayapman...
============================================================

--- create_doc_from_data chaqirildi ---
✅ ID topilmasa ham blanka HAR DOIM yaratiladi
   patient_data: {'id': 1881, 'sample_id': '260319001831', 'kod_yollanma': '', 'fish': 'Ergashova Dinara', 'yosh': 25, 'jins': 'Ayol', 'tugilgan_sana': datetime.date(2001, 1, 1), 'telefon': '975853213', 'shifokor': '777', 'natija_kodi': ''}
   fish: 'Ergashova Dinara', yosh: '25', tugilgan_sana: '2001-01-01'
TEMPLATE_PATH: G:\DASTUR\URIT 50\blank.docx
Shablon fayl mavjudmi: True
Shablonni ochayapman: G:\DASTUR\URIT 50\blank.docx
OK: Shablon ochildi

🔢 Nomeratsiya (ID raqam) aniqlash:
   patient_data: True
   Sample ID topildi: 260319001831
✅ Yakuniy nomeratsiya: '831'

🕐 Test vaqti (kompyuterdan, har safar yangi): 19.03.2026 15:58
   ⚠️ URIT-50 dan kelgan vaqt e'tiborsiz qoldirildi (analizator vaqti xato bo'lishi mumkin)
   ✅ № o'rniga to'liq ID raqami ko'rsatiladi: '1881'

📝 Placeholderlarni almashtiryapman:
   {SAMPLE}: '000005'
   {DATE_TIME}: '19.03.2026 15:58'
   {FISH}: 'Ergashova Dinara'
   {YOSH}: '25'
   {NOMERATSIYA}: '831'
   Bemor ID (№ o'rniga): '1881'
   ✅ {FISH} almashtirildi: 'Ergashova Dinara'
   ✅ {ID} almashtirildi: '1881' (to'liq ID)
   ✅ № almashtirildi: '1881' (to'liq ID raqami)
✅ Placeholderlar almashtirildi
   Tug'ilgan yil: '2001' (sana: '2001-01-01')
   📋 Sarlavha qatori topildi va saqlandi: '№  831Siydikning umumiy taxlili №  831Siydikning umumiy taxlili №  831Siydikning umumiy taxlili №  831Siydikning umumiy taxlili №  831Siydikning umumiy taxlili №  831Siydikning umumiy taxlili №  831Siydikning umumiy taxlili №  831Siydikning umumiy taxlili №  831Siydikning umumiy taxlili'
   📋 Sarlavha qatori topildi va saqlandi: 'FIZIK–KIMYOVIY XOSSALARI FIZIK–KIMYOVIY XOSSALARI FIZIK–KIMYOVIY XOSSALARI FIZIK–KIMYOVIY XOSSALARI FIZIK–KIMYOVIY XOSSALARI FIZIK–KIMYOVIY XOSSALARI FIZIK–KIMYOVIY XOSSALARI FIZIK–KIMYOVIY XOSSALARI FIZIK–KIMYOVIY XOSSALARI'
   📋 Sarlavha qatori topildi va saqlandi: 'Ko‘rsatkich Kod Kod Natija Natija Natija Norma Norma O‘lchov birligi'
   📋 Sarlavha qatori topildi va saqlandi: 'Urobilinogen  URO URO    (3.2-16)  normal (3.2-16)  normal Mkmol/l'
   📋 Sarlavha qatori topildi va saqlandi: 'SIYDIK CHO‘KMASI MIKROSKOPIYASI SIYDIK CHO‘KMASI MIKROSKOPIYASI SIYDIK CHO‘KMASI MIKROSKOPIYASI SIYDIK CHO‘KMASI MIKROSKOPIYASI SIYDIK CHO‘KMASI MIKROSKOPIYASI SIYDIK CHO‘KMASI MIKROSKOPIYASI SIYDIK CHO‘KMASI MIKROSKOPIYASI SIYDIK CHO‘KMASI MIKROSKOPIYASI SIYDIK CHO‘KMASI MIKROSKOPIYASI'

============================================================
MIKROSKOPIYA qismini to'ldirish...
============================================================
LEU (biokimyo): 0 CELL/µL
BLD (biokimyo): 0 CELL/µL

Mikroskopiya natijalari:
  WBC: 4-5 (QORA)
  RBC-D: 1-2 (QORA)
  RBC-U: 0-1 (QORA)
  SEC: 2-3 (QORA)
  TEC: - (QORA)
  RTEC: - (QORA)
✅ Mikroskopiya qismi topildi
  ✅ WBC: 4-5 yozildi
  ✅ RBC-D: 1-2 yozildi
  ✅ RBC-U: 0-1 yozildi
============================================================
✅ Mikroskopiya to'ldirildi!
============================================================

🔬 Mikroskopiya qismini to'ldiryapman...
   LEU: '0 CELL/µL' -> format: '0', value: 0
   📋 Mikroskopiya jadvali topildi, WBC qatorini qidiryapman...
   ✅ WBC qatori topildi (mikroskopiya): Ko'rsatkich='Leykotsitlar', Kod='WBC'
   ✅ WBC qatori topildi, 9 ta katak
      Katak 0: 'Leykotsitlar'
      Katak 1: 'WBC'
      Katak 2: '4-5'
      Katak 3: '4-5'
      Katak 4: '4-5'
      Katak 0 tekshirilmoqda: 'Leykotsitlar'
      Katak 1 tekshirilmoqda: 'WBC'
      ✅ WBC kod topildi: ustun 1 ('WBC')
      ✅ Natija ustuni topildi: ustun 2 (koddan keyingi)
   ✅ WBC (Leykotsitlar) natija yozildi: '4-5' -> '4-5' (qora, ustun 2)
   BLD: '0 CELL/µL' -> mikroskopiya qiymatlari hisoblandi
   📋 Mikroskopiya jadvali topildi, RBC kodlarini qidiryapman...
   ✅ RBC-D kodi topildi: Kod ustuni='RBC-D'
   ✅ RBC-D (o'zgargan) natija yozildi: '1-2' -> '1-2' (qora, 2-ustun)
   ✅ RBC-U kodi topildi: Kod ustuni='RBC-U'
   ✅ RBC-U (o'zgarmagan) natija yozildi: '0-1' -> '0-1' (qora, 2-ustun)
✅ Eritrositlar qismi to'ldirildi!
✅ Mikroskopiya qismi to'ldirildi

   ⚠️ Jadval qator balandligini o'rnatishda xato: 'CT_Row' object has no attribute 'tr'
   ⚠️ Jadval qator balandligini o'rnatishda xato: 'CT_Row' object has no attribute 'tr'
   ⚠️ Jadval qator balandligini o'rnatishda xato: 'CT_Row' object has no attribute 'tr'
   ⚠️ Jadval qator balandligini o'rnatishda xato: 'CT_Row' object has no attribute 'tr'
   ⚠️ Jadval qator balandligini o'rnatishda xato: 'CT_Row' object has no attribute 'tr'
   ⚠️ Jadval qator balandligini o'rnatishda xato: 'CT_Row' object has no attribute 'tr'
   ⚠️ Jadval qator balandligini o'rnatishda xato: 'CT_Row' object has no attribute 'tr'
   ⚠️ Jadval qator balandligini o'rnatishda xato: 'CT_Row' object has no attribute 'tr'
   ⚠️ Jadval qator balandligini o'rnatishda xato: 'CT_Row' object has no attribute 'tr'